Date,AAPL,AMZN,AVGO,GOOG,META,MSFT,NVDA,ORCL,PLTR,TSLA
2021-01-04,125.97449493408203,159.3314971923828,38.25310134887695,85.76872253417969,267.0744323730469,208.88221740722656,13.076725006103516,59.4625358581543,23.3700008392334,243.2566680908203
2021-01-05,127.53196716308594,160.92550659179688,38.512203216552734,86.39799499511719,269.0903625488281,209.08370971679688,13.367158889770508,58.72566604614258,24.600000381469727,245.0366668701172
2021-01-06,123.23905944824219,156.91900634765625,38.27469253540039,86.11859893798828,261.4834899902344,203.66232299804688,12.57912540435791,58.58522033691406,23.540000915527344,251.9933319091797
2021-01-07,127.44437408447266,158.10800170898438,39.887699127197266,88.69725799560547,266.8757629394531,209.4578857421875,13.306577682495117,59.053375244140625,25.0,272.0133361816406
2021-01-08,128.5443878173828,159.13499450683594,40.09010696411133,89.68782043457031,265.7138671875,210.7340850830078,13.23951530456543,59.34363555908203,25.200000762939453,293.3399963378906
2021-01-11,125.55587005615234,155.7104949951172,40.10089874267578,87.67839050292969,255.05833435058594,208.6903076171875,13.58330249786377,59.015926361083984,25.93000030517578,270.39666748046875
2021-01-12,125.38064575195312,156.04150390625,40.42744827270508,86.67740631103516,249.3482208251953,206.23388671875,13.44693374633789,58.44477462768555,26.18000030517578,283.14666748046875
2021-01-13,127.41515350341797,158.29449462890625,40.591182708740234,87.06697845458984,249.89439392089844,207.5868377685547,13.493803977966309,58.10770797729492,25.5,284.8033447265625
2021-01-14,125.48773956298828,156.37350463867188,40.66855239868164,86.36128234863281,243.93603515625,204.40118408203125,13.163232803344727,57.6769905090332,24.920000076293945,281.6666564941406
2021-01-15,123.76473999023438,155.21249389648438,40.1089973449707,86.16325378417969,249.61636352539062,204.046142578125,12.82343578338623,57.845523834228516,25.639999389648438,275.38665771484375
2021-01-19,124.43640899658203,156.03799438476562,41.316261291503906,88.87641143798828,259.2887878417969,207.68280029296875,12.988724708557129,57.38673782348633,26.6200008392334,281.51666259765625
2021-01-20,128.52493286132812,163.16900634765625,41.55106735229492,93.6426773071289,265.62451171875,215.2631378173828,13.328268051147461,57.63954544067383,26.34000015258789,283.48333740234375
2021-01-21,133.2364044189453,165.34950256347656,41.99547576904297,93.8585433959961,270.9771423339844,215.86767578125,13.828609466552734,57.311832427978516,25.979999542236328,281.663330078125
2021-01-22,135.37803649902344,164.6114959716797,41.83354187011719,94.34489440917969,272.5958251953125,216.80801391601562,13.67404556274414,56.51596450805664,32.58000183105469,282.21331787109375
2021-01-25,139.12576293945312,164.6999969482422,41.8128547668457,94.26301574707031,276.08148193359375,220.24317932128906,13.614962577819824,57.02157211303711,36.22999954223633,293.6000061035156
2021-01-26,139.3594512939453,166.30650329589844,41.730098724365234,95.14836120605469,280.0934143066406,222.92990112304688,13.397576332092285,57.86425018310547,35.369998931884766,294.36334228515625
2021-01-27,138.28866577148438,161.62899780273438,40.00554275512695,90.85806274414062,270.252197265625,223.47679138183594,12.881525993347168,58.56648635864258,39.0,288.0533447265625
2021-01-28,133.45059204101562,161.88099670410156,40.63886642456055,92.46202087402344,263.1617126464844,229.26284790039062,13.014400482177734,57.321189880371094,35.65999984741211,278.4766540527344
2021-01-29,128.45680236816406,160.30999755859375,40.527320861816406,91.10371398925781,256.53802490234375,222.57484436035156,12.953324317932129,56.58149337768555,35.18000030517578,264.510009765625
2021-02-01,130.57887268066406,167.1439971923828,41.988285064697266,94.35978698730469,260.19244384765625,229.95370483398438,13.19987964630127,57.59272384643555,33.959999084472656,279.9366760253906
2021-02-02,131.4062957763672,169.0,42.900482177734375,95.65805053710938,265.227294921875,229.81932067871094,13.5187349319458,58.39795684814453,31.020000457763672,290.92999267578125
2021-02-03,130.38417053222656,165.62649536132812,41.848838806152344,102.73298645019531,264.80029296875,233.16818237304688,13.49255657196045,58.210693359375,31.760000228881836,284.89666748046875
2021-02-04,133.74261474609375,166.5500030517578,42.33822250366211,102.35084533691406,264.6413879394531,232.21820068359375,13.625931739807129,59.31553268432617,32.04999923706055,283.3299865722656
2021-02-05,133.32823181152344,167.6074981689453,41.922603607177734,104.11908721923828,266.240234375,232.40052795410156,13.552886009216309,59.549625396728516,34.04999923706055,284.07666015625
2021-02-08,133.47451782226562,166.14700317382812,42.524444580078125,103.8664779663086,264.7307434082031,232.65960693359375,14.398259162902832,59.0908317565918,36.04999923706055,287.8066711425781
2021-02-09,132.59710693359375,165.25,42.69807434082031,103.39998626708984,267.58087158203125,233.9070281982422,14.223250389099121,59.61516189575195,38.16999816894531,283.1533203125
2021-02-10,131.99264526367188,164.32899475097656,42.28603744506836,103.98907470703125,269.98406982421875,232.99546813964844,14.722846984863281,59.24064254760742,35.70000076293945,268.2733459472656
2021-02-11,131.73916625976562,163.10650634765625,43.036319732666016,104.01437377929688,268.5143737792969,234.59786987304688,15.207982063293457,58.706932067871094,33.11000061035156,270.5533447265625
2021-02-12,131.97315979003906,163.885498046875,43.74971389770508,104.42231750488281,268.6235656738281,235.07763671875,14.919297218322754,59.06273651123047,31.90999984741211,272.0400085449219
2021-02-16,129.847900390625,163.44749450683594,44.00249481201172,105.30519104003906,272.06951904296875,233.83982849121094,15.287261962890625,58.18260192871094,27.84000015258789,265.40667724609375
2021-02-17,127.55683898925781,165.4320068359375,43.404258728027344,105.62329864501953,271.67230224609375,234.85928344726562,14.8641996383667,58.13578796386719,27.079999923706055,266.04998779296875
2021-02-18,126.45516204833984,166.4114990234375,43.474422454833984,105.07193756103516,267.5212707519531,234.4649658203125,14.787415504455566,58.1170539855957,25.170000076293945,262.4599914550781
2021-02-19,126.61117553710938,162.4949951171875,44.07716369628906,104.27491760253906,259.74560546875,231.7528533935547,14.884641647338867,57.23693084716797,29.0,260.4333190917969
2021-02-22,122.83827209472656,159.03700256347656,42.853694915771484,102.47542572021484,258.52410888671875,225.5399169921875,14.315489768981934,60.34548568725586,28.0,238.1666717529297
2021-02-23,122.7017822265625,159.72500610351562,42.45247268676758,102.77218627929688,264.0157775878906,224.34738159179688,14.10234260559082,60.392303466796875,26.75,232.94667053222656
2021-02-24,122.20458984375,157.97650146484375,43.26032638549805,103.97865295410156,262.47650146484375,225.578369140625,14.458340644836426,60.57957077026367,26.389999389648438,247.33999633789062
2021-02-25,117.95398712158203,152.85800170898438,41.1264533996582,100.81190490722656,252.92324829101562,220.2310791015625,13.270184516906738,61.141361236572266,23.959999084472656,227.4066619873047
2021-02-26,118.21720123291016,154.64649963378906,42.269859313964844,101.08484649658203,255.83294677734375,223.4914093017578,13.676039695739746,60.40167236328125,23.899999618530273,225.1666717529297
2021-03-01,124.58336639404297,157.3070068359375,44.04297637939453,103.30073547363281,263.07232666015625,227.87696838378906,13.802934646606445,61.95595169067383,24.809999465942383,239.47666931152344
2021-03-02,121.98036193847656,154.72650146484375,43.22703552246094,103.01934051513672,257.203369140625,224.92440795898438,13.368654251098633,62.41474151611328,24.479999542236328,228.81333923339844
2021-03-03,118.99716186523438,150.25,41.657230377197266,100.58112335205078,253.6382598876953,218.85577392578125,12.768841743469238,62.64882278442383,23.59000015258789,217.73333740234375
2021-03-04,117.11557006835938,148.8784942626953,39.90569305419922,101.69178771972656,255.85279846191406,218.05752563476562,12.335559844970703,61.4316291809082,24.729999542236328,207.14666748046875
2021-03-05,118.3731918334961,150.0229949951172,40.49492645263672,104.64217376708984,262.44671630859375,222.7412567138672,12.426553726196289,65.51394653320312,23.950000762939453,199.31666564941406
2021-03-08,113.4401626586914,147.59750366210938,37.89596176147461,100.45506286621094,253.5389404296875,218.6922607421875,11.560737609863281,67.56448364257812,22.520000457763672,187.6666717529297
2021-03-09,118.05147552490234,153.1425018310547,39.90658950805664,101.87095642089844,263.8966064453125,224.83786010742188,12.489448547363281,68.013916015625,24.260000228881836,224.52667236328125
2021-03-10,116.9693374633789,152.8820037841797,39.36592483520508,101.98657989501953,263.06243896484375,223.52989196777344,12.437577247619629,67.52703094482422,24.75,222.68666076660156
2021-03-11,118.89965057373047,155.67950439453125,40.81428909301758,104.95134735107422,271.9801330566406,228.0597381591797,12.96153450012207,63.11699676513672,26.729999542236328,233.1999969482422
2021-03-12,117.99298858642578,154.47450256347656,40.587581634521484,102.3285140991211,266.53814697265625,226.73252868652344,12.824372291564941,62.88290786743164,26.920000076293945,231.2433319091797
2021-03-15,120.87870025634766,154.08399963378906,42.350826263427734,102.55531311035156,271.8510437011719,225.82846069335938,13.158798217773438,63.41661834716797,26.790000915527344,235.97999572753906
2021-03-16,122.41907501220703,154.59300231933594,43.01742935180664,103.84712219238281,277.3426208496094,228.61753845214844,13.258554458618164,62.5926399230957,25.610000610351562,225.6266632080078
2021-03-17,121.62938690185547,156.7864990234375,43.50411605834961,103.77567291259766,282.03985595703125,227.97311401367188,13.308428764343262,62.00277328491211,25.209999084472656,233.93666076660156
2021-03-18,117.50553894042969,151.39950561523438,41.755287170410156,101.0530776977539,276.68731689453125,221.8948974609375,12.691201210021973,62.489646911621094,23.979999542236328,217.72000122070312
2021-03-19,116.97908782958984,153.7480010986328,43.016414642333984,101.39948272705078,288.0975341796875,221.53904724121094,12.814146995544434,62.040218353271484,24.31999969482422,218.2899932861328
2021-03-22,120.29376983642578,155.5435028076172,43.090755462646484,101.17070007324219,291.5037536621094,226.96334838867188,13.15380859375,62.09638595581055,24.219999313354492,223.3333282470703
2021-03-23,119.46509552001953,156.875,42.073509216308594,101.88386535644531,288.6139221191406,228.49252319335938,13.038594245910645,62.985904693603516,23.260000228881836,220.72000122070312
2021-03-24,117.07657623291016,154.35350036621094,41.45790481567383,101.49179077148438,280.1828308105469,226.45362854003906,12.611896514892578,62.573909759521484,21.8799991607666,210.08999633789062
2021-03-25,117.56402587890625,152.31300354003906,41.85953903198242,101.4570541381836,276.8064270019531,223.45294189453125,12.504411697387695,64.25927734375,22.579999923706055,213.4633331298828
2021-03-26,118.16847229003906,152.60150146484375,43.703643798828125,101.01982879638672,281.05670166015625,227.4345703125,12.807663917541504,65.776123046875,22.579999923706055,206.23666381835938
2021-03-29,118.34395599365234,153.7864990234375,42.8495979309082,102.03224182128906,288.8026428222656,226.24197387695312,12.91639518737793,66.6000747680664,21.729999542236328,203.76333618164062
2021-03-30,116.89134979248047,152.76449584960938,41.35725784301758,102.01190185546875,286.0021667480469,222.98165893554688,12.840084075927734,66.0570068359375,22.040000915527344,211.8733367919922
2021-03-31,119.08490753173828,154.70399475097656,42.037235260009766,102.66152954101562,292.4868469238281,226.751708984375,13.315412521362305,65.70122528076172,23.290000915527344,222.64332580566406
2021-04-01,119.91355895996094,158.0500030517578,43.1515007019043,106.09178924560547,296.5882568359375,233.08009338378906,13.777772903442383,67.23675537109375,23.06999969482422,220.5833282470703
2021-04-05,122.74078369140625,161.3365020751953,44.28752136230469,110.44911193847656,306.7671203613281,239.54302978515625,13.953089714050293,69.4371109008789,23.440000534057617,230.35000610351562
2021-04-06,123.04300689697266,161.1909942626953,43.86956024169922,110.40940856933594,304.13555908203125,238.37930297851562,13.827396392822266,69.54946899414062,23.270000457763672,230.5399932861328
2021-04-07,124.69056701660156,163.96949768066406,43.741729736328125,111.64663696289062,310.91815185546875,240.3412322998047,14.108705520629883,69.65291595458984,22.899999618530273,223.6566619873047
2021-04-08,127.08887481689453,164.96499633789062,44.01553726196289,112.42877960205078,310.84857177734375,243.56312561035156,14.281778335571289,70.79074096679688,23.40999984741211,227.93333435058594
2021-04-09,129.66261291503906,168.61000061035156,43.980167388916016,113.44315338134766,310.2925109863281,246.06370544433594,14.36457347869873,71.07286834716797,24.040000915527344,225.67333984375
2021-04-12,127.94679260253906,168.96949768066406,43.85142517089844,111.90023803710938,309.37890625,246.12139892578125,15.171582221984863,71.58067321777344,23.34000015258789,233.9933319091797
2021-04-13,131.05674743652344,170.0,43.9683837890625,112.51958465576172,307.61126708984375,248.60269165039062,15.640926361083984,72.09786224365234,25.420000076293945,254.10667419433594
2021-04-14,128.71701049804688,166.64999389648438,43.273902893066406,111.90270233154297,300.7193908691406,245.8135986328125,15.239416122436523,72.23892211914062,23.700000762939453,244.07666015625
2021-04-15,131.12498474121094,168.95449829101562,43.5186882019043,113.9781494140625,305.6846923828125,249.5740966796875,16.097549438476562,73.62126922607422,23.149999618530273,246.28334045410156
2021-04-16,130.79351806640625,169.9720001220703,43.40898895263672,114.0327377319336,304.0560302734375,250.76663208007812,15.87335205078125,74.24189758300781,22.469999313354492,246.5933380126953
2021-04-19,131.45643615722656,168.60049438476562,41.88673400878906,114.26300811767578,300.1434020996094,248.84310913085938,15.323956489562988,74.05381774902344,21.940000534057617,238.2100067138672
2021-04-20,129.76988220214844,166.7344970703125,41.45699691772461,113.8277816772461,300.5505676269531,248.3814697265625,15.13392448425293,74.51460266113281,21.780000686645508,239.663330078125
2021-04-21,130.15008544921875,168.1009979248047,41.686378479003906,113.81089782714844,299.3787536621094,250.6127471923828,15.322710990905762,72.08846282958984,22.6299991607666,248.0399932861328
2021-04-22,128.62921142578125,165.45199584960938,41.26206970214844,112.55184173583984,294.4630432128906,247.33322143554688,14.813714981079102,70.40520477294922,22.860000610351562,239.89666748046875
2021-04-23,130.94952392578125,167.04400634765625,42.26118087768555,114.90320587158203,299.0411071777344,251.1609344482422,15.227696418762207,70.4992446899414,23.40999984741211,243.13333129882812
2021-04-26,131.33949279785156,170.4499969482422,42.779781341552734,115.47093200683594,300.9378356933594,251.545654296875,15.439923286437988,70.05725860595703,24.110000610351562,246.06666564941406
2021-04-27,131.01773071289062,170.8715057373047,42.28113555908203,114.49724578857422,301.46417236328125,251.9495849609375,15.343912124633789,70.73433685302734,23.8799991607666,234.913330078125
2021-04-28,130.22804260253906,172.9250030517578,41.63288879394531,118.10964965820312,304.96966552734375,244.82298278808594,15.239166259765625,70.31116485595703,23.850000381469727,231.46665954589844
2021-04-29,130.13059997558594,173.5655059814453,42.27569580078125,120.59005737304688,327.2242736816406,242.85142517089844,15.287052154541016,71.3455810546875,23.3700008392334,225.6666717529297
2021-04-30,128.16127014160156,173.37100219726562,41.36088562011719,119.6089096069336,322.8249206542969,242.53408813476562,14.972576141357422,71.27033233642578,23.040000915527344,236.47999572753906
2021-05-03,129.2141571044922,169.32449340820312,40.811466217041016,118.86698150634766,320.3422546386719,242.226318359375,14.800251960754395,72.718505859375,22.299999237060547,228.3000030517578
2021-05-04,124.641845703125,165.593505859375,40.303749084472656,116.8362045288086,316.1515197753906,238.3119659423828,14.315942764282227,73.84693908691406,21.639999389648438,224.53334045410156
2021-05-05,124.8855972290039,163.52699279785156,40.2393798828125,116.95978546142578,312.834716796875,237.04246520996094,14.422929763793945,74.46759033203125,21.149999618530273,223.64666748046875
2021-05-06,126.48444366455078,165.31849670410156,40.67003631591797,118.18111419677734,317.8000183105469,240.17779541015625,14.487271308898926,74.98480224609375,20.09000015258789,221.17999267578125
2021-05-07,127.15827178955078,164.58050537109375,41.032691955566406,119.04166412353516,316.8665771484375,242.8033447265625,14.775808334350586,75.60541534423828,19.75,224.1233367919922
2021-05-10,123.87701416015625,159.52450561523438,39.53854751586914,116.2114028930664,303.8475341796875,237.7252960205078,14.2306547164917,75.3703384399414,18.469999313354492,209.67999267578125
2021-05-11,122.95903778076172,161.19549560546875,39.898475646972656,114.57864379882812,304.4036865234375,236.8115997314453,14.271056175231934,73.05702209472656,20.209999084472656,205.73333740234375
2021-05-12,119.89262390136719,157.5970001220703,38.29463195800781,111.12056732177734,300.4512634277344,229.85821533203125,13.724652290344238,72.17308044433594,18.889999389648438,196.6300048828125
2021-05-13,122.04106903076172,158.07350158691406,39.03989028930664,112.25655364990234,303.14251708984375,233.7340545654297,13.631630897521973,73.4802017211914,18.3700008392334,190.56333923339844
2021-05-14,124.46295166015625,161.14500427246094,40.039005279541016,114.94587707519531,313.7484130859375,238.658203125,14.20796012878418,74.18547821044922,20.079999923706055,196.5800018310547
2021-05-17,123.31059265136719,163.51950073242188,39.886688232421875,115.20642852783203,313.271728515625,235.8018035888672,14.13064956665039,74.3641586303711,20.459999084472656,192.27667236328125
2021-05-18,121.92388153076172,161.61399841308594,39.32457733154297,114.31412506103516,307.8098449707031,233.78213500976562,13.981268882751465,73.99739837646484,21.239999771118164,192.6233367919922
2021-05-19,121.76762390136719,161.58999633789062,40.048072814941406,114.57616424560547,311.4147033691406,234.36048889160156,14.031146049499512,74.0444107055664,20.670000076293945,187.82000732421875
2021-05-20,124.32621765136719,162.38400268554688,41.252098083496094,116.92752075195312,316.39984130859375,237.5994415283203,14.576552391052246,74.02562713623047,20.610000610351562,195.5933380126953
2021-05-21,122.49028778076172,160.1540069580078,40.91119384765625,116.38212585449219,314.036376953125,236.33668518066406,14.954867362976074,74.31712341308594,20.75,193.6266632080078
2021-05-24,124.12113952636719,162.24949645996094,41.631980895996094,119.43771362304688,322.3780517578125,241.74453735351562,15.573593139648438,74.64625549316406,21.219999313354492,202.14666748046875
2021-05-25,123.92584991455078,162.95249938964844,41.6637077331543,119.55680084228516,325.51617431640625,242.65065002441406,15.609254837036133,74.12903594970703,21.479999542236328,201.56333923339844
2021-05-26,123.87701416015625,163.25799560546875,41.74983596801758,120.77070617675781,325.3870849609375,242.42897033691406,15.661375999450684,74.53340911865234,22.1200008392334,206.3766632080078
2021-05-27,122.34380340576172,161.5054931640625,42.40171813964844,119.23125457763672,330.4417419433594,240.32748413085938,15.449897766113281,74.27011108398438,22.700000762939453,210.28334045410156
2021-05-28,121.68948364257812,161.15350341796875,42.82330322265625,119.68038177490234,326.4496765136719,240.6841583251953,16.204538345336914,74.0444107055664,22.950000762939453,208.4066619873047
2021-06-01,121.36723327636719,160.9324951171875,42.458831787109375,120.5860824584961,326.84686279296875,238.48631286621094,16.224489212036133,74.8249282836914,23.059999465942383,207.96665954589844
2021-06-02,122.12895202636719,161.69949340820312,42.95022964477539,120.16276550292969,326.8667297363281,238.3899383544922,16.736974716186523,75.48313903808594,24.450000762939453,201.7066650390625
2021-06-03,120.64459228515625,159.35049438476562,42.14059829711914,119.33545684814453,323.7782897949219,236.85719299316406,16.928001403808594,76.25428009033203,23.6299991607666,190.94667053222656
2021-06-04,122.93949890136719,160.31100463867188,43.065372467041016,121.6754150390625,328.0584411621094,241.75416564941406,17.53500747680664,77.94693756103516,24.030000686645508,199.68333435058594
2021-06-07,122.94927978515625,159.90049743652344,42.04812240600586,122.38656616210938,334.24517822265625,244.6653594970703,17.575653076171875,78.934326171875,24.459999084472656,201.7100067138672
2021-06-08,123.76958465576172,163.20550537109375,42.025455474853516,123.21834564208984,331.3653259277344,243.47003173828125,17.414052963256836,79.56437683105469,24.3799991607666,201.19667053222656
2021-06-09,124.15043640136719,164.0574951171875,42.06172561645508,123.64266204833984,327.9591369628906,244.45326232910156,17.31951332092285,79.47974395751953,24.170000076293945,199.5933380126953
2021-06-10,123.15435028076172,167.4824981689453,42.49147033691406,125.14142608642578,330.1537170410156,247.97177124023438,17.38611602783203,77.39213562011719,24.139999389648438,203.3733367919922
2021-06-11,124.36528778076172,167.3415069580078,42.67551803588867,124.76077270507812,328.96209716796875,248.59835815429688,17.785472869873047,77.95632934570312,24.670000076293945,203.29666137695312
2021-06-14,127.42195129394531,169.19349670410156,43.140621185302734,125.41139221191406,334.433837890625,250.5262908935547,17.97854232788086,77.69303894042969,25.0,205.89666748046875
2021-06-15,126.60160064697266,169.156494140625,42.67914581298828,125.09477233886719,334.4140319824219,249.0513916015625,17.74880027770996,76.771484375,24.40999984741211,199.7866668701172
2021-06-16,127.0996322631836,170.7624969482422,42.22672653198242,124.76077270507812,328.7833251953125,248.1067657470703,17.770503997802734,72.48340606689453,24.799999237060547,201.6233367919922
2021-06-17,128.70123291015625,174.46200561523438,42.71813201904297,125.43025207519531,334.1756591796875,251.49993896484375,18.61561393737793,72.93477630615234,25.450000762939453,205.53334045410156
2021-06-18,127.40241241455078,174.34500122070312,42.022735595703125,124.63272857666016,327.3731994628906,250.08290100097656,18.59715461730957,71.68409729003906,25.3700008392334,207.77000427246094
2021-06-21,129.19927978515625,172.697998046875,42.453102111816406,125.51363372802734,329.9849548339844,253.16757202148438,18.386125564575195,73.33914184570312,25.420000076293945,206.94332885742188
2021-06-22,130.83985900878906,175.27200317382812,42.4384880065918,126.0540771484375,336.6781921386719,255.94381713867188,18.844602584838867,73.98799133300781,25.399999618530273,207.90333557128906
2021-06-23,130.56646728515625,175.1909942626953,42.64042282104492,125.52008819580078,338.2273864746094,255.71250915527344,19.014719009399414,73.44257354736328,26.270000457763672,218.85667419433594
2021-06-24,130.2832794189453,172.45399475097656,42.951087951660156,126.33447265625,340.7994079589844,257.0813293457031,19.162641525268555,73.10405731201172,26.530000686645508,226.60667419433594
2021-06-25,129.9902801513672,170.072998046875,42.23289489746094,126.04960632324219,339.0019226074219,255.47146606445312,18.9885311126709,73.78111267089844,26.780000686645508,223.9566650390625
2021-06-28,131.6211700439453,172.1945037841797,43.20145034790039,125.87541961669922,353.1729736328125,259.03814697265625,19.940401077270508,73.81873321533203,27.3799991607666,229.57333374023438
2021-06-29,133.1348114013672,172.40699768066406,43.59892272949219,125.08038330078125,349.4490051269531,261.6215515136719,19.9820613861084,73.44257354736328,26.6299991607666,226.9199981689453
2021-06-30,133.75006103515625,172.00799560546875,43.57060241699219,124.38311767578125,345.2979736328125,261.1396179199219,19.957866668701172,73.19808197021484,26.360000610351562,226.56666564941406
2021-07-01,134.0527801513672,171.64849853515625,42.9127197265625,125.42777252197266,351.9316711425781,261.814453125,20.16689682006836,74.79671478271484,24.719999313354492,225.97332763671875
2021-07-02,136.67974853515625,175.5489959716797,42.77839279174805,127.76075744628906,352.23956298828125,267.64642333984375,20.441282272338867,76.94075012207031,24.440000534057617,226.3000030517578
2021-07-06,138.6914825439453,183.78700256347656,43.24530792236328,128.80491638183594,350.3327941894531,267.6560974121094,20.65230941772461,78.1256103515625,24.68000030517578,219.86000061035156
2021-07-07,141.18173217773438,184.82899475097656,42.9035758972168,129.10914611816406,348.05865478515625,269.8442077636719,20.326290130615234,80.95610809326172,22.889999389648438,214.88333129882812
2021-07-08,139.8828582763672,186.57049560546875,42.99129867553711,128.2153778076172,343.2522277832031,267.42474365234375,19.858339309692383,80.4859390258789,23.079999923706055,217.60333251953125
2021-07-09,141.70899963378906,185.9669952392578,43.87579345703125,128.60992431640625,347.9892272949219,267.92596435546875,20.005504608154297,82.52651977539062,23.290000915527344,218.98333740234375
2021-07-12,141.11334228515625,185.92750549316406,44.38474655151367,129.592041015625,350.710205078125,267.32830810546875,20.46672821044922,81.8870620727539,22.950000762939453,228.56666564941406
2021-07-13,142.2266082763672,183.8679962158203,44.22575378417969,130.01934814453125,349.6476135253906,270.85650634765625,20.20481300354004,81.8776626586914,22.450000762939453,222.84666442871094
2021-07-14,145.6543731689453,184.08399963378906,44.00463104248047,131.09925842285156,345.218505859375,272.3313903808594,19.797222137451172,83.32173919677734,21.559999465942383,217.7933349609375
2021-07-15,145.00003051757812,181.55999755859375,43.616294860839844,130.28929138183594,342.0705261230469,270.90460205078125,18.92392349243164,81.39630126953125,21.469999313354492,216.86666870117188
2021-07-16,142.9590606689453,178.68150329589844,42.76926803588867,130.86399841308594,338.7934265136719,270.63470458984375,18.120471954345703,82.57611846923828,21.3700008392334,214.74000549316406
2021-07-19,139.11135864257812,177.47950744628906,42.549964904785156,128.29176330566406,334.6126708984375,267.02947998046875,18.737842559814453,82.0947494506836,21.540000915527344,215.4066619873047
2021-07-20,142.72463989257812,178.6595001220703,42.816776275634766,130.12554931640625,339.2899475097656,269.2562561035156,18.570463180541992,83.6803970336914,22.18000030517578,220.1666717529297
2021-07-21,141.9922332763672,179.25999450683594,43.76979064941406,131.61337280273438,343.8282775878906,271.2613220214844,19.366687774658203,84.65253448486328,22.520000457763672,218.42999267578125
2021-07-22,143.3594512939453,181.90150451660156,43.52400588989258,132.33595275878906,348.75384521484375,275.8304748535156,19.550275802612305,85.59637451171875,22.06999969482422,216.4199981689453
2021-07-23,145.07814025878906,182.83200073242188,44.14717483520508,136.7900390625,367.22479248046875,279.2333984375,19.514358520507812,82.76487731933594,21.809999465942383,214.4600067138672
2021-07-26,145.4980926513672,184.99099731445312,44.06401824951172,138.6049346923828,369.8762512207031,278.6356506347656,19.250947952270508,82.92532348632812,22.1299991607666,219.2066650390625
2021-07-27,143.3301239013672,181.3195037841797,43.43537139892578,135.77816772460938,365.258544921875,276.21612548828125,19.165138244628906,82.86869812011719,21.68000030517578,214.92666625976562
2021-07-28,141.58209228515625,181.51600646972656,43.64462661743164,135.36624145507812,370.69061279296875,275.9076232910156,19.45948028564453,82.28352355957031,22.559999465942383,215.66000366210938
2021-07-29,142.2266082763672,179.99600219726562,44.234886169433594,135.52407836914062,355.8343505859375,276.17755126953125,19.618127822875977,82.70826721191406,22.18000030517578,225.78334045410156
2021-07-30,142.44146728515625,166.37950134277344,44.35276794433594,134.21437072753906,353.828369140625,274.64483642578125,19.455486297607422,82.24575805664062,21.709999084472656,229.06666564941406
2021-08-02,142.1094207763672,166.57400512695312,44.2869758605957,134.9771728515625,349.5085754394531,274.55810546875,19.705923080444336,82.67991638183594,22.100000381469727,236.55667114257812
2021-08-03,143.90631103515625,168.31199645996094,44.47977066040039,135.26548767089844,348.8034362792969,276.7752380371094,19.770782470703125,84.69972229003906,22.239999771118164,236.5800018310547
2021-08-04,143.50592041015625,167.73599243164062,44.57206344604492,135.01588439941406,356.43023681640625,276.1872253417969,20.228759765625,84.99230194091797,22.299999237060547,236.97332763671875
2021-08-05,143.6133270263672,168.79949951171875,44.560184478759766,135.92056274414062,360.45208740234375,279.0887145996094,20.590946197509766,84.40711975097656,22.520000457763672,238.2100067138672
2021-08-06,142.92872619628906,167.2469940185547,44.35551071166992,136.015869140625,360.9884033203125,279.0309143066406,20.320552825927734,84.4920883178711,21.81999969482422,233.03334045410156
2021-08-09,142.8798065185547,167.093505859375,44.2869758605957,136.9746551513672,359.1015319824219,277.94158935546875,20.249710083007812,84.85074615478516,22.93000030517578,237.9199981689453
2021-08-10,142.4005889892578,166.03399658203125,44.06585693359375,137.06845092773438,358.6248779296875,276.1197204589844,19.891515731811523,84.60533905029297,22.920000076293945,236.663330078125
2021-08-11,142.65489196777344,164.60549926757812,44.183719635009766,136.6645050048828,357.4629821777344,276.6113586425781,19.655040740966797,84.59591674804688,22.350000381469727,235.94000244140625
2021-08-12,145.61831665039062,165.1750030517578,44.24860382080078,137.35928344726562,360.13433837890625,279.3682861328125,19.86058235168457,84.76580810546875,24.889999389648438,240.75
2021-08-13,145.8236846923828,164.69850158691406,44.42220687866211,137.3756561279297,360.6606750488281,282.29876708984375,20.142953872680664,85.30378723144531,24.899999618530273,239.05667114257812
2021-08-16,147.79934692382812,164.94949340820312,44.60312271118164,137.88186645507812,364.0172119140625,283.9856872558594,19.905481338500977,85.71907043457031,24.5,228.72332763671875
2021-08-17,146.88975524902344,162.09800720214844,43.739654541015625,136.2783660888672,355.9634704589844,282.5204772949219,19.414583206176758,85.84176635742188,23.969999313354492,221.90333557128906
2021-08-18,143.1438751220703,160.06100463867188,42.85149002075195,135.5533447265625,352.98431396484375,280.79168701171875,18.997516632080078,83.94465637207031,25.280000686645508,229.663330078125
2021-08-19,143.47642517089844,159.3874969482422,43.268165588378906,135.89425659179688,352.65655517578125,286.62518310546875,19.75381851196289,83.72759246826172,24.15999984741211,224.49000549316406
2021-08-20,144.93368530273438,159.99749755859375,43.41801452636719,137.4064178466797,356.8771057128906,293.9556884765625,20.769548416137695,83.94465637207031,24.010000228881836,226.75332641601562
2021-08-23,146.4202880859375,163.2935028076172,44.083213806152344,140.0491180419922,360.82952880859375,294.23577880859375,21.909000396728516,84.11457061767578,24.81999969482422,235.43333435058594
2021-08-24,146.332275390625,165.28900146484375,43.99000549316406,141.3384246826172,362.97454833984375,292.27520751953125,21.744367599487305,83.57657623291016,25.100000381469727,236.163330078125
2021-08-25,145.0999298095703,164.95899963378906,44.170928955078125,141.88583374023438,365.8345642089844,291.68609619140625,22.163433074951172,83.64263916015625,24.350000381469727,237.06666564941406
2021-08-26,144.29794311523438,165.8000030517578,44.38383102416992,141.06500244140625,361.8523864746094,288.8659362792969,22.018753051757812,83.73701477050781,24.8700008392334,233.72000122070312
2021-08-27,145.3346405029297,167.48150634765625,45.31584167480469,143.47442626953125,370.04510498046875,289.47442626953125,22.585487365722656,84.3316421508789,25.709999084472656,237.30667114257812
2021-08-30,149.75534057617188,171.07850646972656,45.58539581298828,144.38656616210938,378.0194396972656,293.2120361328125,22.637371063232422,84.42603302001953,25.760000228881836,243.6366729736328
2021-08-31,148.4937286376953,173.5395050048828,45.43189239501953,144.37911987304688,376.748291015625,291.5605163574219,22.3389892578125,84.12399291992188,26.34000015258789,245.24000549316406
2021-09-01,149.15872192382812,173.9499969482422,45.06182098388672,144.7563018798828,379.39971923828125,291.5122375488281,22.394868850708008,84.89793395996094,26.200000762939453,244.69667053222656
2021-09-02,150.273681640625,173.156005859375,44.946685791015625,143.14537048339844,372.6767578125,290.8554992675781,22.349964141845703,84.75635528564453,26.510000228881836,244.1300048828125
2021-09-03,150.90943908691406,173.90249633789062,45.47483825683594,143.69723510742188,373.64996337890625,290.8458557128906,22.796049118041992,84.94512939453125,26.639999389648438,244.52333068847656
2021-09-07,153.24688720703125,175.46449279785156,45.37522888183594,144.4357147216797,379.52886962890625,289.91864013671875,22.615413665771484,83.73701477050781,26.700000762939453,250.97332763671875
2021-09-08,151.7016143798828,176.27499389648438,45.17329406738281,143.80494689941406,374.9508972167969,289.9476318359375,22.293081283569336,84.44489288330078,25.579999923706055,251.2899932861328
2021-09-09,150.6845245361328,174.20799255371094,45.091976165771484,143.834716796875,375.37786865234375,287.08880615234375,22.131412506103516,84.5109634399414,26.1299991607666,251.6199951171875
2021-09-10,145.69654846191406,173.45750427246094,45.51778030395508,140.864501953125,376.0630798339844,285.6014404296875,22.43179702758789,84.64310455322266,26.280000686645508,245.42333984375
2021-09-13,146.2637939453125,172.85850524902344,45.59178924560547,142.39700317382812,373.89825439453125,286.8376159667969,22.10646629333496,83.89747619628906,25.829999923706055,247.6666717529297
2021-09-14,144.86524963378906,172.5,45.85768127441406,142.33843994140625,373.91802978515625,289.5419921875,22.19628143310547,81.53787994384766,26.260000228881836,248.163330078125
2021-09-15,145.75526428222656,173.7895050048828,46.5767936706543,144.12503051757812,371.32623291015625,294.4000549316406,22.29507827758789,82.80262756347656,27.079999923706055,251.94332885742188
2021-09-16,145.52052307128906,174.41200256347656,46.358421325683594,143.2987518310547,370.47210693359375,294.7863464355469,22.19628143310547,82.34959411621094,28.6299991607666,252.3300018310547
2021-09-17,142.8505096435547,173.12600708007812,46.23506546020508,140.410400390625,362.1899719238281,289.6192626953125,21.854984283447266,81.53787994384766,28.709999084472656,253.163330078125
2021-09-20,139.799072265625,167.7864990234375,45.213497161865234,137.98211669921875,353.2325744628906,284.2396545410156,21.06960105895996,81.33023834228516,26.549999237060547,243.38999938964844
2021-09-21,140.27828979492188,167.18150329589844,45.19234085083008,138.60691833496094,355.000244140625,284.72259521484375,21.202329635620117,82.03812408447266,26.6200008392334,246.4600067138672
2021-09-22,142.64512634277344,169.00250244140625,46.07594680786133,139.88931274414062,340.82916259765625,288.37322998046875,21.895896911621094,83.47274017333984,27.43000030517578,250.64666748046875
2021-09-23,143.60357666015625,170.8000030517578,46.41743087768555,140.77069091796875,343.5600891113281,289.3197937011719,22.435787200927734,84.397705078125,28.770000457763672,251.2133331298828
2021-09-24,143.69158935546875,171.2760009765625,46.47449493408203,141.57118225097656,350.51153564453125,289.11700439453125,22.035612106323242,84.88851928710938,28.559999465942383,258.1300048828125
2021-09-27,142.17564392089844,170.2899932861328,46.468055725097656,140.44760131835938,351.127197265625,284.1141052246094,21.6154727935791,85.9267349243164,27.469999313354492,263.78668212890625
2021-09-28,138.7916717529297,165.79800415039062,45.195098876953125,135.17019653320312,338.2869567871094,273.828125,20.65644645690918,85.40762329101562,25.34000015258789,259.1866760253906
2021-09-29,139.69146728515625,165.05599975585938,45.053348541259766,133.51959228515625,337.254150390625,274.2917175292969,20.474828720092773,86.12492370605469,24.520000457763672,260.4366760253906
2021-09-30,138.39068603515625,164.2519989013672,44.63455581665039,132.2734375,337.0357360839844,272.28289794921875,20.673416137695312,82.23632049560547,24.040000915527344,258.49334716796875
2021-10-01,139.51544189453125,164.16299438476562,44.857295989990234,135.44662475585938,340.6305847167969,279.2173767089844,20.69936180114746,84.69972229003906,24.329999923706055,258.40667724609375
2021-10-04,136.08253479003906,159.48899841308594,43.80801010131836,132.7692108154297,323.96697998046875,273.4320983886719,19.691442489624023,84.2467041015625,23.170000076293945,260.510009765625
2021-10-05,138.00921630859375,161.0500030517578,44.67965316772461,135.16326904296875,330.6502990722656,278.8890075683594,20.408964157104492,86.35144805908203,23.209999084472656,260.1966552734375
2021-10-06,138.8796844482422,163.10049438476562,44.988922119140625,136.33148193359375,331.32562255859375,283.0903015136719,20.657447814941406,86.20986938476562,23.579999923706055,260.9166564941406
2021-10-07,140.141357421875,165.1215057373047,45.46201705932617,138.1493682861328,326.936279296875,284.7708435058594,21.031681060791016,87.12537384033203,23.729999542236328,264.53668212890625
2021-10-08,139.75990295410156,164.43099975585938,45.36353302001953,139.01339721679688,327.7604675292969,284.7708435058594,20.788179397583008,89.3984603881836,23.5,261.8299865722656
2021-10-11,139.67189025878906,162.31500244140625,45.31658935546875,137.81385803222656,323.1924133300781,284.172119140625,20.6524600982666,90.25086975097656,23.530000686645508,263.9800109863281
2021-10-12,138.40045166015625,162.3665008544922,44.66676330566406,135.6952667236328,321.5240478515625,282.8681640625,20.628509521484375,90.51608276367188,23.690000534057617,268.5733337402344
2021-10-13,137.81362915039062,164.21400451660156,44.64192581176758,136.87342834472656,322.2887268066406,286.180908203125,20.895957946777344,91.30219268798828,24.1299991607666,270.3599853515625
2021-10-14,140.6010284423828,164.9929962158203,45.80073928833008,140.35926818847656,326.2510070800781,292.4007263183594,21.7012996673584,90.24141693115234,24.350000381469727,272.7733459472656
2021-10-15,141.65728759765625,170.4510040283203,46.32078552246094,140.6203155517578,322.5072021484375,293.8108825683594,21.817058563232422,90.28878784179688,24.0,281.010009765625
2021-10-18,143.32974243164062,172.33700561523438,46.33090591430664,141.896240234375,333.0137939453125,296.7856140136719,22.176319122314453,91.4063720703125,24.260000228881836,290.03668212890625
2021-10-19,145.4911346435547,172.20750427246094,46.97797775268555,142.7513427734375,337.63153076171875,297.6934814453125,22.244182586669922,91.9272689819336,24.690000534057617,288.0899963378906
2021-10-20,145.9801483154297,170.7530059814453,46.88594055175781,141.35479736328125,338.416015625,296.9015197753906,22.057565689086914,91.52947998046875,24.219999313354492,288.6000061035156
2021-10-21,146.19532775878906,171.75050354003906,47.324058532714844,141.71759033203125,339.5084228515625,300.1369934082031,22.645353317260742,91.20745849609375,24.780000686645508,298.0
2021-10-22,145.42269897460938,166.77749633789062,47.440032958984375,137.593017578125,322.3582458496094,298.5917053222656,22.67928123474121,93.05435180664062,24.43000030517578,303.2266540527344
2021-10-25,145.3738250732422,166.01849365234375,48.053043365478516,137.73992919921875,326.409912109375,297.5968322753906,23.118379592895508,92.71337890625,25.40999984741211,341.6199951171875
2021-10-26,146.03884887695312,168.80349731445312,49.139156341552734,138.6322479248047,313.6192626953125,299.5090637207031,24.666194915771484,91.85151672363281,25.520000457763672,339.4766540527344
2021-10-27,145.57920837402344,169.62449645996094,48.14876937866211,145.33743286132812,310.0541687011719,312.1227722167969,24.400741577148438,90.95174407958984,25.059999465942383,345.9533386230469
2021-10-28,149.21743774414062,172.32850646972656,48.74336624145508,145.04116821289062,314.7215576171875,313.2624206542969,24.88973045349121,91.14116668701172,25.639999389648438,359.0133361816406
2021-10-29,146.50831604003906,168.6215057373047,48.93665313720703,147.166748046875,321.32537841796875,320.2838134765625,25.514446258544922,90.86651611328125,25.8799991607666,371.3333435058594
2021-11-01,145.686767578125,165.90550231933594,48.60346221923828,142.70370483398438,327.6910095214844,318.11077880859375,25.773910522460938,89.38899993896484,26.559999465942383,402.86334228515625
2021-11-02,146.72344970703125,165.6374969482422,49.433685302734375,144.7771453857422,325.80413818359375,321.7423400878906,26.346729278564453,90.80020141601562,25.920000076293945,390.6666564941406
2021-11-03,148.1611785888672,169.1999969482422,49.92152404785156,145.697265625,329.31964111328125,322.58251953125,26.543325424194336,91.06539916992188,26.1200008392334,404.6199951171875
2021-11-04,147.64283752441406,173.85000610351562,50.49678421020508,147.57614135742188,333.5202941894531,324.93914794921875,29.739744186401367,90.57290649414062,26.469999313354492,409.9700012207031
2021-11-05,148.17172241210938,175.94949340820312,51.4448356628418,148.1300048828125,338.76361083984375,324.5721130371094,29.69084358215332,89.9288558959961,26.0,407.36334228515625
2021-11-08,147.34898376464844,174.44900512695312,51.447593688964844,148.23968505859375,336.2710266113281,325.4703674316406,30.740680694580078,90.10881042480469,26.75,387.64666748046875
2021-11-09,147.7113800048828,178.81149291992188,51.34174728393555,148.137451171875,333.0436096191406,324.46588134765625,30.593984603881836,89.58790588378906,24.25,341.1666564941406
2021-11-10,144.88076782226562,174.1024932861328,50.51059341430664,145.5344696044922,325.3672180175781,319.49188232421875,29.398447036743164,88.86807250976562,22.520000457763672,355.98333740234375
2021-11-11,144.83175659179688,173.625,51.120853424072266,145.65557861328125,325.4665222167969,321.0662536621094,30.327533721923828,89.06698608398438,22.989999771118164,354.5033264160156
2021-11-12,146.90821838378906,176.25750732421875,51.84062576293945,148.53147888183594,338.5252990722656,325.20953369140625,30.327533721923828,88.59343719482422,22.829999923706055,344.47332763671875
2021-11-15,146.9180450439453,177.28399658203125,52.07533264160156,148.2759246826172,345.1490783691406,324.58172607421875,29.963279724121094,89.04804229736328,23.40999984741211,337.7966613769531
2021-11-16,147.8974609375,177.03500366210938,52.35145950317383,147.96624755859375,340.5809631347656,327.9041748046875,30.140914916992188,90.553955078125,23.1299991607666,351.57666015625
2021-11-17,150.3363037109375,177.4499969482422,52.43153381347656,147.9523468017578,338.4060974121094,328.126708984375,29.200851440429688,90.28878784179688,22.489999771118164,363.0033264160156
2021-11-18,154.62631225585938,184.80299377441406,52.90739822387695,149.5870819091797,336.3405456542969,330.20697021484375,31.609886169433594,89.65420532226562,21.5,365.4599914550781
2021-11-19,157.2512664794922,183.82850646972656,52.34686279296875,148.83619689941406,342.9046936035156,331.9873962402344,32.91720199584961,89.00070190429688,21.40999984741211,379.0199890136719
2021-11-22,157.7115936279297,178.6284942626953,50.92571258544922,145.98361206054688,338.6444396972656,328.8136901855469,31.89031219482422,89.60684204101562,20.649999618530273,385.6233215332031
2021-11-23,158.09359741210938,179.0019989013672,51.09506607055664,145.6645050048828,334.9105529785156,326.7333679199219,31.680747985839844,88.025146484375,20.59000015258789,369.6766662597656
2021-11-24,158.61270141601562,179.02049255371094,51.427345275878906,145.62527465820312,338.6941223144531,326.9559631347656,32.606834411621094,88.63130950927734,21.110000610351562,372.0
2021-11-26,153.58807373046875,175.22799682617188,50.309940338134766,141.74288940429688,330.8092041015625,318.9927673339844,31.438243865966797,87.4474105834961,21.030000686645508,360.6400146484375
2021-11-29,156.94761657714844,178.07850646972656,51.94370651245117,145.02627563476562,335.6851501464844,325.7174072265625,33.307395935058594,88.025146484375,21.06999969482422,378.9966735839844
2021-11-30,161.90365600585938,175.35350036621094,50.9625244140625,141.39154052734375,322.2092590332031,319.87322998046875,32.608829498291016,85.94149780273438,20.649999618530273,381.586669921875
2021-12-01,161.38455200195312,172.18600463867188,51.06193542480469,140.563720703125,308.4454040527344,319.3797912597656,31.374225616455078,85.00383758544922,19.3799991607666,365.0
2021-12-02,160.3953094482422,171.8679962158203,50.84931564331055,142.7061767578125,308.23687744140625,318.8088684082031,32.06388854980469,85.23114013671875,19.690000534057617,361.5333251953125
2021-12-03,158.51473999023438,169.489501953125,51.3712043762207,141.45953369140625,304.7115478515625,312.5389709472656,30.63365936279297,83.57369995117188,18.979999542236328,338.3233337402344
2021-12-06,161.92327880859375,171.36849975585938,52.00262451171875,142.7260284423828,315.6649475097656,315.6158752441406,29.97892951965332,84.23667907714844,18.799999237060547,336.336669921875
2021-12-07,167.662841796875,176.1645050048828,54.34235763549805,146.93446350097656,320.5707092285156,324.06280517578125,32.36430740356445,85.28797149658203,19.459999084472656,350.5833435058594
2021-12-08,171.48272705078125,176.1580047607422,54.17300033569336,147.6133575439453,328.2669677734375,324.11126708984375,31.764469146728516,84.23667907714844,19.81999969482422,356.32000732421875
2021-12-09,170.973388671875,174.17100524902344,53.699886322021484,147.0034637451172,327.5321044921875,322.3018798828125,30.431053161621094,84.07566833496094,19.209999084472656,334.6000061035156
2021-12-10,175.762939453125,172.21200561523438,58.141910552978516,147.56822204589844,327.4625549316406,331.4358215332031,30.139617919921875,97.20272064208984,18.940000534057617,339.010009765625
2021-12-13,172.129150390625,169.5675048828125,57.21962356567383,145.61236572265625,332.1696472167969,328.39764404296875,28.106555938720703,95.55474090576172,18.399999618530273,322.13665771484375
2021-12-14,170.7481231689453,169.0915069580078,56.59834289550781,143.89129638671875,331.42486572265625,317.6961669921875,28.282215118408203,94.60762023925781,18.639999389648438,319.5033264160156
2021-12-15,175.61598205566406,173.31500244140625,58.89482116699219,146.2714385986328,339.2899475097656,323.8016662597656,30.40011215209961,98.16879272460938,18.860000610351562,325.3299865722656
2021-12-16,168.7206268310547,168.87100219726562,57.129432678222656,143.76025390625,332.57684326171875,314.3677062988281,28.332117080688477,97.76154327392578,18.34000015258789,308.97332763671875
2021-12-17,167.62364196777344,170.0175018310547,58.44380187988281,141.73992919921875,331.4745788574219,313.3033447265625,27.747251510620117,91.51055145263672,19.059999465942383,310.8566589355469
2021-12-20,166.26223754882812,167.07899475097656,59.37067794799805,141.34141540527344,323.1924133300781,309.5394592285156,27.665407180786133,86.79389953613281,17.959999084472656,299.9800109863281
2021-12-21,169.43565368652344,170.41700744628906,59.86256408691406,143.14686584472656,331.8817443847656,316.6802062988281,29.01879119873047,86.67078399658203,18.899999618530273,312.84332275390625
2021-12-22,172.0312042236328,171.03700256347656,60.692535400390625,145.8550567626953,328.1576843261719,322.398681640625,29.343158721923828,85.10802459716797,18.8799991607666,336.2900085449219
2021-12-23,172.6580352783203,171.06849670410156,61.58180618286133,146.047119140625,332.91448974609375,323.8403015136719,29.582693099975586,84.9754409790039,18.93000030517578,355.6666564941406
2021-12-27,176.62484741210938,169.66949462890625,62.45997619628906,146.96177673339844,343.778564453125,331.34881591796875,30.88517189025879,84.80496215820312,18.940000534057617,364.64666748046875
2021-12-28,175.60618591308594,170.66099548339844,61.97086715698242,145.3577880859375,343.81829833984375,330.18768310546875,30.263381958007812,83.96202087402344,18.56999969482422,362.8233337402344
2021-12-29,175.69435119628906,169.2010040283203,62.30527114868164,145.41387939453125,340.5610656738281,330.8650207519531,29.942995071411133,83.54528045654297,18.170000076293945,362.0633239746094
2021-12-30,174.53857421875,168.64450073242188,61.607749938964844,144.9156036376953,341.9712219238281,328.3202209472656,29.528799057006836,83.35584259033203,18.690000534057617,356.7799987792969
2021-12-31,173.9215087890625,166.7169952392578,61.63832092285156,143.60244750976562,334.01678466796875,325.41741943359375,29.354137420654297,82.5981674194336,18.209999084472656,352.260009765625
2022-01-03,178.27029418945312,170.4044952392578,61.44471740722656,143.9945068359375,336.1916198730469,323.8983154296875,30.06276512145996,83.25167083740234,18.530000686645508,399.9266662597656
2022-01-04,176.0077667236328,167.52200317382812,62.14872741699219,143.3414306640625,334.195556640625,318.3444519042969,29.233373641967773,84.1419677734375,18.170000076293945,383.1966552734375
2022-01-05,171.32601928710938,164.35699462890625,59.562435150146484,136.62876892089844,321.9212646484375,306.1238708496094,27.550626754760742,81.88783264160156,16.959999084472656,362.7066650390625
2022-01-06,168.46600341796875,163.25399780273438,59.00941467285156,136.52703857421875,330.1537170410156,303.7049255371094,28.12352180480957,82.07797241210938,16.739999771118164,354.8999938964844
2022-01-07,168.63247680664062,162.5540008544922,57.3531608581543,135.98458862304688,329.4884338378906,303.8597412109375,27.19432258605957,83.1902084350586,16.559999465942383,342.32000732421875
2022-01-10,168.65208435058594,161.48599243164062,57.539344787597656,137.54241943359375,325.794189453125,304.0823059082031,27.347023010253906,84.8728256225586,16.5,352.7066650390625
2022-01-11,171.48272705078125,165.36199951171875,57.62179183959961,138.97518920898438,332.05047607421875,304.769287109375,27.763221740722656,84.1123275756836,16.889999389648438,354.79998779296875
2022-01-12,171.92349243164062,165.20700073242188,57.617164611816406,140.59352111816406,330.9482421875,307.9525451660156,27.944868087768555,83.9507064819336,16.719999313354492,368.739990234375
2022-01-13,168.65208435058594,161.21400451660156,55.31895065307617,138.0952606201172,324.21527099609375,294.91925048828125,26.52362632751465,83.45638275146484,16.010000228881836,343.85333251953125
2022-01-14,169.5139923095703,162.13800048828125,55.243003845214844,138.7458953857422,329.5976257324219,300.14422607421875,26.889909744262695,83.361328125,16.010000228881836,349.8699951171875
2022-01-18,166.31117248535156,158.91749572753906,53.52189254760742,135.27587890625,315.9430236816406,292.8389892578125,25.852922439575195,81.32696533203125,14.970000267028809,343.5033264160156
2022-01-19,162.81451416015625,156.2989959716797,52.2417106628418,134.6421661376953,317.373046875,293.4968566894531,25.01854133605957,79.26408386230469,14.5600004196167,331.8833312988281
2022-01-20,161.12986755371094,151.66749572753906,50.736446380615234,132.51263427734375,314.3640441894531,291.8230285644531,24.103307723999023,78.63665771484375,14.619999885559082,332.0899963378906
2022-01-21,159.07302856445312,142.64300537109375,49.39421463012695,129.12353515625,301.0669860839844,286.4335021972656,23.328807830810547,78.16133117675781,13.529999732971191,314.6333312988281
2022-01-24,158.2992401123047,144.54400634765625,50.167686462402344,129.4014434814453,306.5684814453125,286.7624816894531,23.326810836791992,78.35145568847656,13.399999618530273,310.0
2022-01-25,156.49705505371094,139.98599243164062,49.47850799560547,125.79203796386719,298.06793212890625,279.1379699707031,22.280838012695312,77.06810760498047,13.0600004196167,306.1333312988281
2022-01-26,156.40892028808594,138.87249755859375,51.6071891784668,128.27789306640625,292.586181640625,287.0915222167969,22.72797203063965,75.66117095947266,12.75,312.4700012207031
2022-01-27,155.9486083984375,139.6374969482422,50.23530578613281,128.15977478027344,292.59613037109375,290.1200866699219,21.901575088500977,75.841796875,12.279999732971191,276.3666687011719
2022-01-28,166.830322265625,143.97799682617188,51.88323211669922,132.29725646972656,299.6170959472656,298.2671203613281,22.795846939086914,76.50723266601562,12.710000038146973,282.1166687011719
2022-01-31,171.18885803222656,149.57350158691406,54.27129364013672,134.68832397460938,311.08697509765625,300.8989562988281,24.438657760620117,77.15367126464844,13.710000038146973,312.239990234375
2022-02-01,171.02235412597656,151.19349670410156,54.90488815307617,136.8520965576172,316.787109375,298.75091552734375,24.59036636352539,77.03958892822266,14.199999809265137,310.4166564941406
2022-02-02,172.22708129882812,150.6125030517578,55.89698028564453,146.93446350097656,320.7593994140625,303.29852294921875,25.193199157714844,78.42749786376953,13.319999694824219,301.88665771484375
2022-02-03,169.3474884033203,138.8455047607422,53.80534744262695,141.5885467529297,236.1106719970703,291.484375,23.901697158813477,77.8951644897461,12.449999809265137,297.0466613769531
2022-02-04,169.06309509277344,157.63949584960938,54.66775131225586,141.95135498046875,235.44532775878906,296.02227783203125,24.271984100341797,78.0567626953125,12.9399995803833,307.7733459472656
2022-02-07,168.34718322753906,157.9355010986328,54.43339157104492,137.90371704101562,223.34983825683594,291.194091796875,24.680194854736328,76.75438690185547,12.979999542236328,302.4466552734375
2022-02-08,171.45602416992188,161.4134979248047,55.59962463378906,138.17666625976562,218.6526336669922,294.6870422363281,25.059459686279297,76.80191802978516,13.149999618530273,307.3333435058594
2022-02-09,172.87802124023438,161.1894989013672,56.62970733642578,140.3999786376953,230.39065551757812,301.1215515136719,26.65336799621582,79.33061981201172,13.869999885559082,310.6666564941406
2022-02-10,168.79827880859375,159.0034942626953,54.77892303466797,137.57069396972656,226.4879150390625,292.5777282714844,25.774070739746094,77.80960845947266,13.5600004196167,301.51666259765625
2022-02-11,165.38546752929688,153.2935028076172,53.117095947265625,133.1315155029297,218.0270233154297,285.47564697265625,23.90269660949707,75.8132553100586,13.130000114440918,286.6666564941406
2022-02-14,165.620849609375,155.16700744628906,53.59506607055664,134.2928009033203,216.18984985351562,285.43695068359375,24.220083236694336,75.0527572631836,13.260000228881836,291.9200134277344
2022-02-15,169.45535278320312,156.510498046875,55.83584213256836,135.40989685058594,219.46694946289062,290.7296142578125,26.443775177001953,75.83226776123047,14.170000076293945,307.4766540527344
2022-02-16,169.22000122070312,158.10049438476562,55.3208122253418,136.46400451660156,215.03790283203125,290.39031982421875,26.45974349975586,75.28089904785156,13.970000267028809,307.7966613769531
2022-02-17,165.620849609375,154.65249633789062,53.63397979736328,131.3235626220703,206.26914978027344,281.8870849609375,24.45962142944336,71.80158233642578,11.770000457763672,292.1166687011719
2022-02-18,164.0713653564453,152.60150146484375,53.72568130493164,129.4962615966797,204.72988891601562,279.1722412109375,23.59629249572754,70.88896179199219,11.020000457763672,285.6600036621094
2022-02-22,161.1488494873047,150.19749450683594,53.49132537841797,128.43917846679688,200.6781768798828,278.9686279296875,23.344778060913086,70.461181640625,10.479999542236328,273.84332275390625
2022-02-23,156.98081970214844,144.82699584960938,52.354732513427734,126.63520812988281,197.07339477539062,271.7451477050781,22.343717575073242,68.89262390136719,10.430000305175781,254.67999267578125
2022-02-24,159.59933471679688,151.35800170898438,53.72661590576172,131.6858367919922,206.15992736816406,285.629638671875,23.702085494995117,71.11712646484375,11.829999923706055,266.92333984375
2022-02-25,161.6686248779297,153.7884979248047,54.46859359741211,133.51809692382812,209.01992797851562,288.266845703125,24.11029624938965,72.58110046386719,11.470000267028809,269.9566650390625
2022-02-28,161.9333953857422,153.56300354003906,54.41579055786133,133.88681030273438,209.56610107421875,289.7019348144531,24.33785629272461,72.21985626220703,11.850000381469727,290.1433410644531
2022-03-01,160.05043029785156,151.14199829101562,52.811405181884766,133.16920471191406,202.07839965820312,285.97869873046875,23.43160629272461,72.25788116455078,12.180000305175781,288.1233215332031
2022-03-02,163.34561157226562,152.05250549316406,54.262020111083984,133.74838256835938,206.66639709472656,291.05938720703125,24.17729377746582,74.41581726074219,12.0600004196167,293.2966613769531
2022-03-03,163.02195739746094,147.89849853515625,53.596923828125,133.3081512451172,201.56202697753906,286.919189453125,23.67218589782715,74.38731384277344,11.34000015258789,279.7633361816406
2022-03-04,160.02102661132812,145.64100646972656,55.20780563354492,131.138427734375,198.67221069335938,281.04345703125,22.89555549621582,72.71417999267578,10.960000038146973,279.42999267578125
2022-03-07,156.22573852539062,137.4530029296875,52.86513137817383,125.5230484008789,186.16954040527344,270.4266052246094,21.314348220825195,70.65130615234375,11.109999656677246,268.1933288574219
2022-03-08,154.40167236328125,136.01449584960938,53.3514518737793,126.33099365234375,188.969970703125,267.4596252441406,21.476064682006836,69.71016693115234,11.039999961853027,274.79998779296875
2022-03-09,159.80528259277344,139.2790069580078,55.30320739746094,132.86944580078125,197.12303161621094,279.7248840332031,22.973419189453125,72.34344482421875,11.649999618530273,286.3233337402344
2022-03-10,155.46078491210938,146.8175048828125,54.44265365600586,131.69427490234375,193.85585021972656,276.9033508300781,22.618045806884766,72.8663101196289,11.869999885559082,279.4333190917969
2022-03-11,151.74391174316406,145.52450561523438,53.52744674682617,129.50418090820312,186.30859375,271.5513000488281,22.0610294342041,73.9785385131836,11.390000343322754,265.1166687011719
2022-03-14,147.71322631835938,141.85299682617188,52.59648895263672,125.79749298095703,185.3353729248047,268.03167724609375,21.292387008666992,73.26556396484375,10.5,255.4566650390625
2022-03-15,152.0969696044922,147.3665008544922,54.908599853515625,128.69528198242188,190.69793701171875,278.41595458984375,22.932491302490234,76.62129974365234,10.770000457763672,267.2966613769531
2022-03-16,156.51010131835938,153.10400390625,56.23879623413086,132.69525146484375,202.21746826171875,285.4357604980469,24.452802658081055,76.01288604736328,11.789999961853027,280.07666015625
2022-03-17,157.52023315429688,157.23899841308594,55.826576232910156,133.59848022460938,206.3982391357422,286.240478515625,24.72233009338379,76.62129974365234,12.319999694824219,290.5333251953125
2022-03-18,160.81539916992188,161.25050354003906,56.54356002807617,135.7830810546875,214.98822021484375,291.2919616699219,26.406354904174805,77.64797973632812,12.819999694824219,301.7966613769531
2022-03-21,162.1884002685547,161.4915008544922,56.07539367675781,135.46249389648438,210.02293395996094,290.0605773925781,26.686861038208008,76.96351623535156,12.59000015258789,307.0533447265625
2022-03-22,165.56198120117188,164.88900756835938,57.01264190673828,139.23321533203125,215.14710998535156,294.81158447265625,26.477231979370117,77.76207733154297,13.270000457763672,331.32666015625
2022-03-23,166.92514038085938,163.4080047607422,55.89727020263672,137.472412109375,211.97927856445312,290.3805236816406,25.58880043029785,76.42166900634766,13.180000305175781,333.03668212890625
2022-03-24,170.71067810058594,163.64950561523438,58.41991424560547,140.260009765625,218.04685974121094,294.8504333496094,28.100364685058594,78.18034362792969,13.390000343322754,337.97332763671875
2022-03-25,171.34814453125,164.77349853515625,58.6474723815918,140.4679718017578,220.28123474121094,294.4431457519531,27.643169403076172,77.69551086425781,12.970000267028809,336.8800048828125
2022-03-28,172.21121215820312,168.99049377441406,59.02142333984375,140.89328002929688,222.0389862060547,301.2496643066406,28.16924476623535,79.47320556640625,13.420000076293945,363.9466552734375
2022-03-29,175.50633239746094,169.31500244140625,59.82252502441406,142.18359375,228.2655029296875,305.8164367675781,28.6054744720459,80.12915802001953,14.199999809265137,366.5233459472656
2022-03-30,174.3392791748047,166.30099487304688,58.8545036315918,141.58261108398438,226.26943969726562,304.3135070800781,27.64117431640625,79.24505615234375,13.880000114440918,364.663330078125
2022-03-31,171.24026489257812,162.99749755859375,58.72300720214844,138.60989379882812,220.81752014160156,298.9323425292969,27.237886428833008,78.64615631103516,13.729999542236328,359.20001220703125
2022-04-01,170.94607543945312,163.55999755859375,58.47121047973633,139.65257263183594,223.29025268554688,300.0085754394531,26.664901733398438,77.96170043945312,13.829999923706055,361.5299987792969
2022-04-04,174.99635314941406,168.34649658203125,59.205142974853516,142.57318115234375,232.2675323486328,305.3897399902344,27.311756134033203,79.92000579833984,14.630000114440918,381.8166809082031
2022-04-05,171.68154907226562,164.05499267578125,57.271907806396484,140.0128936767578,230.2317352294922,301.4241943359375,25.88527488708496,78.84579467773438,13.890000343322754,363.7533264160156
2022-04-06,168.513916015625,158.75599670410156,56.141605377197266,136.1548309326172,221.75099182128906,290.39031982421875,24.36396026611328,78.06627655029297,13.0,348.586669921875
2022-04-07,168.81790161132812,157.7845001220703,56.23952865600586,135.4490966796875,221.40341186523438,292.2034912109375,24.165315628051758,77.81813049316406,12.84000015258789,352.4200134277344
2022-04-08,166.8074951171875,154.4604949951172,54.74273681640625,133.01290893554688,220.78773498535156,287.9372863769531,23.078237533569336,77.24552154541016,12.699999809265137,341.8299865722656
2022-04-11,162.55125427246094,151.1219940185547,54.146812438964844,128.8302459716797,214.95846557617188,276.5834045410156,21.878353118896484,76.119384765625,12.65999984741211,325.30999755859375
2022-04-12,164.4243927001953,150.78750610351562,54.56272888183594,127.41883087158203,212.65455627441406,273.48077392578125,21.466081619262695,75.70899963378906,12.460000038146973,328.98333740234375
2022-04-13,167.1114959716797,155.54100036621094,55.25938034057617,129.31610107421875,213.49862670898438,278.87164306640625,22.163850784301758,76.10983276367188,12.899999618530273,340.7900085449219
2022-04-14,162.10008239746094,151.7064971923828,53.51638412475586,126.30569458007812,208.7220001220703,271.3185729980469,21.22051429748535,75.82354736328125,12.420000076293945,328.3333435058594
2022-04-18,161.88438415527344,152.78500366210938,54.69610595703125,127.00840759277344,209.3079376220703,271.98760986328125,21.744590759277344,74.64969635009766,12.149999618530273,334.7633361816406
2022-04-19,164.16940307617188,158.11549377441406,55.7331428527832,129.55929565429688,215.80255126953125,276.6222229003906,22.158857345581055,75.92850494384766,12.90999984741211,342.7166748046875
2022-04-20,164.002685546875,153.9980010986328,55.74246597290039,127.29080200195312,199.02972412109375,277.64996337890625,21.444120407104492,76.62519836425781,12.789999961853027,325.73333740234375
2022-04-21,163.20828247070312,148.29600524902344,55.27710723876953,124.0074234008789,186.76539611816406,272.2687072753906,20.147409439086914,75.85215759277344,12.329999923706055,336.260009765625
2022-04-22,158.66763305664062,144.35000610351562,54.738067626953125,118.72355651855469,182.83285522460938,265.69500732421875,19.480588912963867,72.73141479492188,11.960000038146973,335.01666259765625
2022-04-25,159.7366485595703,146.07400512695312,54.824798583984375,122.33248901367188,185.69285583496094,272.18157958984375,19.86690902709961,73.4662857055664,12.109999656677246,332.67333984375
2022-04-26,153.7739715576172,139.39100646972656,52.23128128051758,118.6163558959961,179.69479370117188,262.0008850097656,18.754871368408203,71.1090087890625,11.119999885559082,292.1400146484375
2022-04-27,153.54840087890625,138.16700744628906,52.181846618652344,114.16424560546875,173.7364044189453,274.6054992675781,18.38252830505371,71.34761810302734,10.5600004196167,293.836669921875
2022-04-28,160.4819793701172,144.59649658203125,53.991065979003906,118.5225601196289,204.30287170410156,280.82049560546875,19.747119903564453,72.66462707519531,10.949999809265137,292.5033264160156
2022-04-29,154.60755920410156,124.28150177001953,51.70157241821289,114.11064910888672,199.07936096191406,269.0788879394531,18.514297485351562,70.04966735839844,10.399999618530273,290.2533264160156
2022-05-02,154.91160583496094,124.5,53.7495231628418,116.28483581542969,209.66542053222656,275.81744384765625,19.498559951782227,70.6222915649414,10.739999771118164,300.9800109863281
2022-05-03,156.4022216796875,124.25350189208984,54.19902801513672,117.2500991821289,210.5591583251953,273.209228515625,19.567434310913086,69.9447250366211,10.550000190734863,303.0833435058594
2022-05-04,162.8160400390625,125.92849731445312,56.296417236328125,121.66250610351562,221.86021423339844,281.15985107421875,20.298145294189453,71.7770767211914,10.979999542236328,317.5400085449219
2022-05-05,153.74453735351562,116.40699768066406,54.088985443115234,115.87738800048828,206.83517456054688,268.91400146484375,18.81077003479004,69.47708129882812,10.119999885559082,291.09332275390625
2022-05-06,154.47132873535156,114.77249908447266,54.0992431640625,114.79898834228516,202.3564910888672,266.37371826171875,18.64206886291504,69.18121337890625,9.479999542236328,288.54998779296875
2022-05-09,149.34451293945312,108.78900146484375,52.497066497802734,112.24217224121094,194.84890747070312,256.5324401855469,16.920116424560547,68.27459716796875,7.460000038146973,262.3699951171875
2022-05-10,151.75079345703125,108.85900115966797,54.21955490112305,113.73149871826172,196.2789306640625,261.3027648925781,17.563976287841797,69.21939849853516,7.289999961853027,266.67999267578125
2022-05-11,143.8838348388672,105.37200164794922,52.8878173828125,113.11262512207031,187.4307098388672,252.62503051757812,16.60067367553711,67.7878646850586,6.710000038146973,244.6666717529297
2022-05-12,140.0142059326172,106.93049621582031,53.30375671386719,112.31859588623047,189.9134063720703,247.58322143554688,16.1464786529541,67.5015640258789,7.340000152587891,242.6666717529297
2022-05-13,144.4829559326172,113.05500030517578,54.858367919921875,115.64813232421875,197.2421875,253.17770385742188,17.67477798461914,67.92146301269531,8.34000015258789,256.5299987792969
2022-05-16,142.94100952148438,110.81050109863281,54.33892059326172,113.93795013427734,198.65235900878906,253.54608154296875,17.233556747436523,66.52812194824219,8.039999961853027,241.4566650390625
2022-05-17,146.57489013671875,115.36849975585938,56.71514129638672,115.83273315429688,201.21444702148438,258.70428466796875,18.144948959350586,68.59906768798828,8.359999656677246,253.8699951171875
2022-05-18,138.30526733398438,107.11250305175781,53.21049118041992,111.56425476074219,190.90646362304688,246.9255828857422,16.90813446044922,65.18247985839844,8.010000228881836,236.60333251953125
2022-05-19,134.897216796875,107.31900024414062,50.93871307373047,109.92107391357422,189.96304321289062,246.0120391845703,17.093807220458984,63.97999954223633,8.3100004196167,236.47332763671875
2022-05-20,135.13291931152344,107.59100341796875,50.65707778930664,108.4992446899414,192.19744873046875,245.44837951660156,16.66456413269043,65.49740600585938,8.079999923706055,221.3000030517578
2022-05-23,140.5543670654297,107.55699920654297,49.0875358581543,110.83521270751953,194.8687744140625,253.31057739257812,16.86820411682129,66.84304809570312,8.010000228881836,224.96665954589844
2022-05-24,137.85348510742188,104.0999984741211,48.8860969543457,105.137451171875,180.02247619628906,252.3095703125,16.12551498413086,65.87915802001953,7.550000190734863,209.3866729736328
2022-05-25,138.0106201171875,106.7750015258789,49.57901382446289,105.05158996582031,182.55479431152344,255.1279296875,16.945068359375,66.64263153076172,7.960000038146973,219.60000610351562
2022-05-26,141.21241760253906,111.07749938964844,51.353721618652344,107.48980712890625,190.30068969726562,258.4127502441406,17.819522857666016,68.38911437988281,8.359999656677246,235.91000366210938
2022-05-27,146.96775817871094,115.14649963378906,54.395809173583984,111.95928955078125,193.7764129638672,265.5460510253906,18.77783203125,69.4579849243164,8.850000381469727,253.2100067138672
2022-05-31,146.18202209472656,120.20950317382812,54.10204315185547,113.1900634765625,192.29676818847656,264.21466064453125,18.63907241821289,68.6372299194336,8.680000305175781,252.75332641601562
2022-06-01,146.0543670654297,121.68399810791016,53.494930267333984,113.28732299804688,187.3314208984375,264.7491149902344,18.287700653076172,68.33183288574219,8.460000038146973,246.7899932861328
2022-06-02,148.50973510742188,125.51100158691406,53.78589630126953,116.86946105957031,197.4805450439453,266.84832763671875,19.557453155517578,69.80155181884766,9.300000190734863,258.3333435058594
2022-06-03,142.78384399414062,122.3499984741211,52.53437042236328,113.71115112304688,189.4565887451172,262.41668701171875,18.686988830566406,68.51316833496094,8.9399995803833,234.51666259765625
2022-06-06,143.53028869628906,124.79000091552734,52.3394660949707,116.13943481445312,192.9025115966797,261.1824951171875,18.75287628173828,69.6393051147461,8.979999542236328,238.27999877929688
2022-06-07,146.0543670654297,123.0,53.436180114746094,116.3568115234375,194.2928009033203,264.8268737792969,18.892629623413086,69.3720932006836,9.130000114440918,238.8866729736328
2022-06-08,145.3177947998047,121.18000030517578,52.724613189697266,116.36522674560547,195.2759246826172,262.7958068847656,18.619054794311523,68.12187957763672,9.180000305175781,241.86666870117188
2022-06-09,140.0927734375,116.1500015258789,51.87223815917969,114.06250762939453,182.72361755371094,257.333984375,18.01998519897461,66.06048583984375,8.680000305175781,239.7066650390625
2022-06-10,134.68118286132812,109.6500015258789,50.4780158996582,110.5979995727539,174.3520965576172,245.86630249023438,16.94765281677246,64.07540893554688,8.260000228881836,232.22999572753906
2022-06-13,129.52491760253906,103.66999816894531,48.272457122802734,106.08087158203125,163.1205596923828,235.4384002685547,15.622712135314941,61.12646484375,7.639999866485596,215.73666381835938
2022-06-14,130.3892059326172,102.30999755859375,48.51026153564453,106.39600372314453,162.59422302246094,237.60562133789062,15.811417579650879,67.49200439453125,7.820000171661377,220.88999938964844
2022-06-15,133.01153564453125,107.66999816894531,49.120182037353516,109.56871795654297,168.17526245117188,244.67091369628906,16.501346588134766,66.5185546875,8.119999885559082,233.0
2022-06-16,127.73741912841797,103.66000366210938,46.36625289916992,105.8421630859375,159.75405883789062,238.07211303710938,15.576783180236816,65.57376098632812,7.670000076293945,213.10000610351562
2022-06-17,129.21060180664062,106.22000122070312,46.50334930419922,107.06251525878906,162.60418701171875,240.67665100097656,15.855350494384766,64.62895202636719,8.239999771118164,216.75999450683594
2022-06-21,133.44366455078125,108.68000030517578,47.37030792236328,111.18112182617188,155.96055603027344,246.5951385498047,16.540285110473633,64.59076690673828,8.710000038146973,237.0366668701172
2022-06-22,132.93296813964844,108.94999694824219,46.649085998535156,111.1999740600586,154.76889038085938,246.00233459472656,16.334606170654297,63.49325942993164,9.010000228881836,236.086669921875
2022-06-23,135.80084228515625,112.44000244140625,46.6942253112793,111.84564208984375,157.64877319335938,251.57090759277344,16.19981575012207,64.54304504394531,9.460000038146973,235.07000732421875
2022-06-24,139.13026428222656,116.45999908447266,47.87057113647461,117.65555572509766,168.97962951660156,260.162109375,17.09941291809082,67.47293090820312,10.1899995803833,245.7066650390625
2022-06-27,139.13026428222656,113.22000122070312,47.552738189697266,115.75432586669922,168.31427001953125,257.43115234375,16.84281349182129,67.1961669921875,9.619999885559082,244.9199981689453
2022-06-28,134.9856414794922,107.4000015258789,46.87007141113281,111.73348236083984,159.5653839111328,249.25799560546875,15.95719051361084,65.44970703125,9.3100004196167,232.663330078125
2022-06-29,136.74363708496094,108.91999816894531,46.11405944824219,111.42081451416016,162.8027801513672,252.9315643310547,15.517873764038086,66.05094146728516,9.229999542236328,228.49000549316406
2022-06-30,134.27850341796875,106.20999908447266,45.6815071105957,108.55829620361328,160.13143920898438,249.59811401367188,15.135470390319824,66.6808090209961,9.069999694824219,224.47332763671875
2022-07-01,136.4490203857422,109.55999755859375,44.932071685791016,108.26895904541016,158.91990661621094,252.270751953125,14.500456809997559,67.63516998291016,9.270000457763672,227.26333618164062
2022-07-05,139.0320281982422,113.5,44.78727722167969,113.03917694091797,167.02330017089844,255.44862365722656,14.94077205657959,68.70404815673828,10.069999694824219,233.06666564941406
2022-07-06,140.36778259277344,114.33000183105469,45.38060760498047,114.3558120727539,168.5923309326172,258.7139892578125,15.106514930725098,68.38911437988281,9.800000190734863,231.73333740234375
2022-07-07,143.73651123046875,116.33000183105469,46.878536224365234,118.41783905029297,170.99554443359375,260.84234619140625,15.83338451385498,68.55134582519531,10.180000305175781,244.5433349609375
2022-07-08,144.4141845703125,115.54000091552734,46.892642974853516,119.27393341064453,169.6946563720703,260.12322998046875,15.813414573669434,68.58953094482422,10.170000076293945,250.76333618164062
2022-07-11,142.28294372558594,111.75,45.40411376953125,115.65505981445312,161.7501220703125,257.0619201660156,15.128479957580566,68.60870361328125,9.5600004196167,234.3433380126953
2022-07-12,143.25527954101562,109.22000122070312,45.26401138305664,113.99452209472656,162.1374053955078,246.5271453857422,15.058588027954102,67.49669647216797,9.489999771118164,233.07000732421875
2022-07-13,142.89187622070312,110.4000015258789,45.29785919189453,111.35184478759766,162.35589599609375,245.60389709472656,15.140460014343262,67.13241577148438,9.279999732971191,237.0399932861328
2022-07-14,145.81866455078125,110.62999725341797,45.57148361206055,110.61041259765625,156.95364379882812,246.9255828857422,15.348137855529785,66.57640838623047,8.899999618530273,238.31333923339844
2022-07-15,147.48831176757812,113.55000305175781,46.4948844909668,111.92753601074219,163.55747985839844,249.49122619628906,15.737530708312988,67.81304168701172,9.039999961853027,240.06666564941406
2022-07-18,144.4436798095703,113.76000213623047,46.1751708984375,109.09178924560547,166.06993103027344,247.0907745361328,16.076005935668945,67.30496215820312,9.029999732971191,240.54666137695312
2022-07-19,148.30348205566406,118.20999908447266,47.86210250854492,113.76673126220703,174.56063842773438,252.22210693359375,16.96562385559082,69.2509765625,9.34000015258789,245.52999877929688
2022-07-20,150.30703735351562,122.7699966430664,48.1225700378418,113.84613037109375,181.81993103027344,254.88499450683594,17.779359817504883,69.58648681640625,10.109999656677246,247.5
2022-07-21,152.57579040527344,124.62999725341797,48.678287506103516,114.18360137939453,181.89938354492188,257.3825988769531,18.0219783782959,71.45580291748047,10.489999771118164,271.7066650390625
2022-07-22,151.33828735351562,122.41999816894531,48.19309997558594,107.55332946777344,168.09580993652344,253.0287322998047,17.292118072509766,71.80091094970703,9.84000015258789,272.24334716796875
2022-07-25,150.21865844726562,121.13999938964844,48.24856948852539,107.4044418334961,165.4939727783203,251.54180908203125,16.99757194519043,71.76255798339844,9.680000305175781,268.4333190917969
2022-07-26,148.8927459716797,114.80999755859375,48.058631896972656,104.65507507324219,158.04600524902344,244.8069610595703,16.507341384887695,70.9668960571289,9.399999618530273,258.8599853515625
2022-07-27,153.99009704589844,120.97000122070312,49.62895202636719,112.75432586669922,168.40365600585938,261.17279052734375,17.76238441467285,72.73078155517578,10.020000457763672,274.82000732421875
2022-07-28,154.54006958007812,122.27999877929688,50.17621612548828,113.73695373535156,159.6051025390625,268.62677001953125,17.956085205078125,73.85236358642578,10.130000114440918,280.8999938964844
2022-07-29,159.60794067382812,134.9499969482422,50.3520622253418,115.77168273925781,157.996337890625,272.83489990234375,18.134803771972656,74.6192626953125,10.350000381469727,297.1499938964844
2022-08-01,158.6257781982422,135.38999938964844,50.43574905395508,114.62033081054688,158.82058715820312,270.1817321777344,18.41237449645996,74.23582458496094,10.470000267028809,297.27667236328125
2022-08-02,157.15257263183594,134.16000366210938,49.95054626464844,115.03720092773438,159.0787811279297,267.08160400390625,18.497241973876953,73.19091033935547,10.920000076293945,300.586669921875
2022-08-03,163.1632843017578,139.52000427246094,51.41085433959961,117.895751953125,167.62905883789062,274.51617431640625,18.863672256469727,74.16871643066406,11.199999809265137,307.39666748046875
2022-08-04,162.8489990234375,142.57000732421875,51.98068618774414,117.98509216308594,169.38681030273438,275.6629333496094,19.18517303466797,74.19747161865234,11.319999694824219,308.6333312988281
2022-08-05,162.622802734375,140.8000030517578,51.852806091308594,117.3399429321289,165.95077514648438,274.9438171386719,18.959524154663086,74.14954376220703,11.449999809265137,288.1700134277344
2022-08-08,162.1507110595703,139.41000366210938,51.29707717895508,117.26052856445312,169.06898498535156,272.42669677734375,17.765382766723633,73.30593872070312,9.819999694824219,290.42333984375
2022-08-09,162.19989013671875,137.8300018310547,50.10005569458008,116.62528228759766,167.3609161376953,274.35101318359375,17.059478759765625,73.5935287475586,9.25,283.3333435058594
2022-08-10,166.44863891601562,142.69000244140625,51.755950927734375,119.75184631347656,177.10287475585938,281.0178527832031,18.068912506103516,74.33168029785156,9.59000015258789,294.3566589355469
2022-08-11,165.7110137939453,140.63999938964844,51.28767395019531,118.92800903320312,176.2587890625,278.9381103515625,17.914148330688477,73.96739959716797,9.420000076293945,286.6300048828125
2022-08-12,169.261474609375,143.5500030517578,52.49127960205078,121.73695373535156,179.24790954589844,283.6903076171875,18.679956436157227,75.87505340576172,9.90999984741211,300.0299987792969
2022-08-15,170.33349609375,143.17999267578125,52.55991744995117,121.96522521972656,179.6351776123047,285.2064514160156,19.002460479736328,75.83671569824219,9.90999984741211,309.32000732421875
2022-08-16,170.17613220214844,144.77999877929688,51.872554779052734,121.5979995727539,178.2250518798828,284.4678039550781,18.84969711303711,76.22974395751953,9.739999771118164,306.5633239746094
2022-08-17,171.67105102539062,142.10000610351562,50.64449691772461,119.42430114746094,173.63710021972656,283.71795654296875,18.306537628173828,75.97091674804688,9.430000305175781,303.9966735839844
2022-08-18,171.27764892578125,142.3000030517578,52.511962890625,119.96028137207031,173.44839477539062,282.5979309082031,18.74385643005371,76.03802490234375,9.149999618530273,302.8699951171875
2022-08-19,168.69105529785156,138.22999572753906,51.569766998291016,117.24066925048828,166.79489135742188,278.6827697753906,17.82129669189453,75.40533447265625,8.510000228881836,296.6666564941406
2022-08-22,164.80621337890625,133.22000122070312,49.71923065185547,114.21338653564453,161.91896057128906,270.50201416015625,17.007556915283203,73.29634857177734,8.069999694824219,289.913330078125
2022-08-23,164.47178649902344,133.6199951171875,49.816078186035156,113.91561126708984,159.99240112304688,269.22625732421875,17.154335021972656,73.24842071533203,8.010000228881836,296.4533386230469
2022-08-24,164.7667999267578,133.8000030517578,49.91575622558594,113.84613037109375,162.12750244140625,268.59320068359375,17.195270538330078,73.01834869384766,8.100000381469727,297.0966796875
2022-08-25,167.2256317138672,137.27999877929688,51.7296142578125,116.82379913330078,167.60919189453125,271.5733337402344,17.885194778442383,73.70856475830078,8.420000076293945,296.07000732421875
2022-08-26,160.9213409423828,130.75,48.977325439453125,110.47145080566406,160.6577606201172,261.0941162109375,16.234760284423828,71.56124114990234,7.940000057220459,288.0899963378906
2022-08-29,158.71826171875,129.7899932861328,48.34918212890625,109.51860046386719,158.0658721923828,258.3087463378906,15.776472091674805,71.12029266357422,7.809999942779541,284.82000732421875
2022-08-30,156.28903198242188,128.72999572753906,47.61668014526367,109.09178924560547,156.06980895996094,256.1076965332031,15.443989753723145,71.07235717773438,7.789999961853027,277.70001220703125
2022-08-31,154.6268768310547,126.7699966430664,46.932125091552734,108.33744812011719,161.7997589111328,254.64691162109375,15.070569038391113,71.08194732666016,7.71999979019165,275.6099853515625
2022-09-01,155.35470581054688,127.81999969482422,46.26450729370117,109.72702026367188,164.21292114257812,253.6047821044922,13.915365219116211,72.18435668945312,7.489999771118164,277.1600036621094
2022-09-02,153.2401580810547,127.51000213623047,47.03650665283203,107.87095642089844,159.20790100097656,249.3780517578125,13.625816345214844,71.59001159667969,7.400000095367432,270.2099914550781
2022-09-06,151.9812774658203,126.11000061035156,46.84656524658203,106.67989349365234,157.4402313232422,246.64137268066406,13.444097518920898,70.77517700195312,7.28000020980835,274.4200134277344
2022-09-07,153.3876495361328,129.47999572753906,47.498207092285156,109.65755462646484,159.27740478515625,251.35508728027344,13.696781158447266,71.40788269042969,7.389999866485596,283.70001220703125
2022-09-08,151.9123992919922,129.82000732421875,48.13761901855469,108.6054458618164,160.935791015625,251.77383422851562,13.972434997558594,71.56124114990234,7.53000020980835,289.260009765625
2022-09-09,154.7744140625,133.27000427246094,49.12212371826172,110.94786834716797,167.9766082763672,257.5588073730469,14.368935585021973,72.76911926269531,7.789999961853027,299.67999267578125
2022-09-12,160.73443603515625,136.4499969482422,49.748374938964844,111.03721618652344,167.78793334960938,259.69171142578125,14.486787796020508,73.89069366455078,8.010000228881836,304.4200134277344
2022-09-13,151.30264282226562,126.81999969482422,47.35903549194336,104.52603912353516,152.06777954101562,245.41424560546875,13.114511489868164,72.89374542236328,7.480000019073486,292.1300048828125
2022-09-14,152.74839782714844,128.5500030517578,48.02666091918945,105.0818862915039,150.41928100585938,245.63827514648438,13.111518859863281,69.13594818115234,7.630000114440918,302.6099853515625
2022-09-15,149.85687255859375,126.27999877929688,47.02897644042969,103.12654113769531,148.51258850097656,238.9767303466797,12.912766456604004,67.33372497558594,8.010000228881836,303.75
2022-09-16,148.21441650390625,123.52999877929688,47.25089645385742,102.85853576660156,145.2751922607422,238.35342407226562,13.18143081665039,65.98207092285156,7.78000020980835,303.3500061035156
2022-09-19,151.9320831298828,124.66000366210938,47.18882751464844,103.076904296875,146.99319458007812,238.13917541503906,13.365199089050293,66.21214294433594,7.860000133514404,309.07000732421875
2022-09-20,154.3121795654297,122.19000244140625,46.36323547363281,101.07194519042969,145.0766143798828,236.12319946289062,13.159455299377441,65.2918472290039,7.619999885559082,308.7300109863281
2022-09-21,151.18463134765625,118.54000091552734,45.71657180786133,99.26548767089844,141.1341094970703,232.7145233154297,13.244348526000977,63.98812484741211,7.690000057220459,300.79998779296875
2022-09-22,150.22079467773438,117.30999755859375,45.28703308105469,99.82131958007812,141.8292694091797,234.69154357910156,12.5452299118042,63.29789733886719,7.369999885559082,288.5899963378906
2022-09-23,147.94891357421875,113.77999877929688,44.44028091430664,98.43174743652344,139.4359893798828,231.71142578125,12.500285148620605,61.8791618347168,7.400000095367432,275.3299865722656
2022-09-26,148.28326416015625,115.1500015258789,43.83154296875,98.07443237304688,135.4239959716797,231.25364685058594,12.212644577026367,60.82465744018555,7.53000020980835,276.010009765625
2022-09-27,149.2569580078125,114.41000366210938,44.06765365600586,97.35977935791016,133.4676971435547,230.2407989501953,12.397414207458496,59.8372802734375,7.630000114440918,282.94000244140625
2022-09-28,147.3686065673828,118.01000213623047,44.182376861572266,99.99005889892578,140.62770080566406,234.77920532226562,12.720010757446289,60.46039581298828,7.940000057220459,287.80999755859375
2022-09-29,140.12998962402344,114.80000305175781,42.681373596191406,97.35977935791016,135.4637451171875,231.3023681640625,12.204656600952148,58.859493255615234,8.079999923706055,268.2099914550781
2022-09-30,135.92059326171875,113.0,42.101078033447266,95.43424224853516,134.73880004882812,226.82240295410156,12.123759269714355,58.54315185546875,8.130000114440918,265.25
2022-10-03,140.1004638671875,115.87999725341797,43.31193542480469,98.56077575683594,137.64846801757812,234.45782470703125,12.49629020690918,60.469974517822266,8.239999771118164,242.39999389648438
2022-10-04,143.6903076171875,121.08999633789062,45.5003776550293,101.64762878417969,139.30691528320312,242.3854217529297,13.150465965270996,62.97198486328125,8.460000038146973,249.44000244140625
2022-10-05,143.9853515625,120.94999694824219,45.96879196166992,101.45904541015625,138.01589965820312,242.6970672607422,13.192415237426758,63.88267517089844,8.420000076293945,240.80999755859375
2022-10-06,143.03135681152344,120.30000305175781,45.466243743896484,101.47888946533203,138.10528564453125,240.3499298095703,13.113513946533203,62.59811782836914,8.470000267028809,238.1300048828125
2022-10-07,137.77940368652344,114.55999755859375,43.66276550292969,98.82876586914062,132.52427673339844,228.12745666503906,12.060836791992188,60.67129135131836,8.149999618530273,223.07000732421875
2022-10-10,138.10397338867188,113.66999816894531,41.50276184082031,97.97515869140625,132.86190795898438,223.26763916015625,11.65534782409668,59.9810791015625,8.0600004196167,222.9600067138672
2022-10-11,136.68771362304688,112.20999908447266,40.8447151184082,97.32009887695312,127.6483154296875,219.5278778076172,11.571454048156738,60.135250091552734,8.039999961853027,216.5
2022-10-12,136.05831909179688,112.9000015258789,40.82668685913086,97.56822967529297,126.61554718017578,219.8590087890625,11.48556137084961,61.45531463623047,8.069999694824219,217.24000549316406
2022-10-13,140.631591796875,112.52999877929688,41.52836608886719,98.96772766113281,129.38619995117188,228.12745666503906,11.944982528686523,62.823543548583984,8.079999923706055,221.72000122070312
2022-10-14,136.09764099121094,106.9000015258789,40.4976692199707,96.4565658569336,125.88067626953125,222.59564208984375,11.21290397644043,61.96599197387695,7.53000020980835,204.99000549316406
2022-10-17,140.0611572265625,113.79000091552734,41.281822204589844,100.02975463867188,133.11019897460938,231.33155822753906,11.87307357788086,64.57721710205078,7.940000057220459,219.35000610351562
2022-10-18,141.3790283203125,116.36000061035156,41.23062515258789,100.63520812988281,131.87881469726562,232.27626037597656,11.951974868774414,64.58684539794922,8.15999984741211,220.19000244140625
2022-10-19,141.48727416992188,115.06999969482422,41.27518844604492,99.54341125488281,132.30580139160156,230.30899047851562,12.035867691040039,63.88346481323242,7.909999847412109,222.0399932861328
2022-10-20,141.02499389648438,115.25,40.80109786987305,99.7816162109375,130.6175994873047,229.9876251220703,12.178688049316406,66.72594451904297,8.039999961853027,207.27999877929688
2022-10-21,144.84100341796875,119.31999969482422,42.64345169067383,100.72455596923828,129.10812377929688,235.80181884765625,12.450348854064941,70.05020141601562,8.289999961853027,214.44000244140625
2022-10-24,146.98501586914062,119.81999969482422,43.287269592285156,102.2034683227539,128.82015991210938,240.7979278564453,12.583179473876953,70.26216125488281,8.270000457763672,211.25
2022-10-25,149.827392578125,120.5999984741211,43.62388610839844,104.14887237548828,136.5561065673828,244.11895751953125,13.244348526000977,70.47413635253906,8.65999984741211,222.4199981689453
2022-10-26,146.88673400878906,115.66000366210938,43.7291374206543,94.11412048339844,128.91946411132812,225.2836456298828,12.879809379577637,72.0929183959961,8.569999694824219,224.63999938964844
2022-10-27,142.41172790527344,110.95999908447266,43.18107604980469,91.91065216064453,97.2605972290039,220.8328857421875,13.159455299377441,72.410888671875,8.600000381469727,225.08999633789062
2022-10-28,153.1713104248047,103.41000366210938,44.840423583984375,95.86103820800781,98.5118637084961,229.7149200439453,13.816631317138672,74.54033660888672,8.640000343322754,228.52000427246094
2022-10-31,150.8108673095703,102.44000244140625,44.57683181762695,93.95532989501953,92.51376342773438,226.072509765625,13.480053901672363,75.2244644165039,8.789999961853027,227.5399932861328
2022-11-01,148.1652374267578,96.79000091552734,44.36632537841797,89.82628631591797,94.53959655761719,222.2158203125,13.525997161865234,74.2994613647461,8.649999618530273,227.82000732421875
2022-11-02,142.63792419433594,92.12000274658203,43.240814208984375,86.42182922363281,89.91194915771484,214.35641479492188,13.202404022216797,72.38198852539062,8.220000267028809,214.97999572753906
2022-11-03,136.58938598632812,89.30000305175781,42.111507415771484,82.86847686767578,88.29324340820312,208.6591033935547,13.404149055480957,72.2952651977539,8.079999923706055,215.30999755859375
2022-11-04,136.32342529296875,90.9800033569336,44.11979675292969,86.05457305908203,90.16020202636719,215.61273193359375,14.138226509094238,73.22991180419922,7.929999828338623,207.47000122070312
2022-11-07,136.85537719726562,90.52999877929688,45.06041717529297,87.99005889892578,96.04906463623047,221.92367553710938,14.283042907714844,73.94293212890625,7.019999980926514,197.0800018310547
2022-11-08,137.42674255371094,89.9800033569336,45.71371841430664,88.24813079833984,95.8008041381836,222.89755249023438,14.58366584777832,72.88301849365234,7.210000038146973,191.3000030517578
2022-11-09,132.8655548095703,86.13999938964844,44.515193939208984,86.74937438964844,100.76611328125,218.6513671875,13.758702278137207,72.90230560302734,6.980000019073486,177.58999633789062
2022-11-10,144.6872100830078,96.62999725341797,48.03302001953125,93.4689712524414,111.09398651123047,236.6393585205078,15.730224609375,74.35726165771484,7.639999866485596,190.72000122070312
2022-11-11,147.4751739501953,100.79000091552734,49.12534713745117,96.0099105834961,112.23599243164062,240.6615753173828,16.306499481201172,74.90648651123047,8.40999984741211,195.97000122070312
2022-11-14,146.07626342773438,98.48999786376953,48.663570404052734,95.31513214111328,113.42767333984375,235.24667358398438,16.2745418548584,75.66770935058594,8.100000381469727,190.9499969482422
2022-11-15,147.8101043701172,98.94000244140625,49.725563049316406,97.98509216308594,116.26782989501953,235.65574645996094,16.64507484436035,76.29399871826172,8.34000015258789,194.4199981689453
2022-11-16,146.5786895751953,97.12000274658203,48.52228927612305,98.25308990478516,112.44454193115234,236.08546447753906,15.890022277832031,76.9781265258789,8.0600004196167,186.9199981689453
2022-11-17,148.47999572753906,94.8499984741211,48.55832290649414,97.76673126220703,110.6768798828125,236.03659057617188,15.657316207885742,76.31327056884766,7.619999885559082,183.1699981689453
2022-11-18,149.04151916503906,94.13999938964844,48.8475227355957,97.07195281982422,111.27273559570312,235.5873565673828,15.389653205871582,76.82395935058594,7.389999866485596,180.19000244140625
2022-11-21,145.81027221679688,92.45999908447266,49.06371307373047,95.11661529541016,109.0979232788086,236.39794921875,15.297768592834473,76.91068267822266,7.190000057220459,167.8699951171875
2022-11-22,147.94801330566406,93.19999694824219,50.259395599365234,96.6054458618164,110.66696166992188,239.30836486816406,16.017864227294922,79.1268539428711,7.21999979019165,169.91000366210938
2022-11-23,148.8247833251953,94.12999725341797,50.599796295166016,98.0843505859375,111.46139526367188,241.79884338378906,16.498260498046875,79.55083465576172,7.369999885559082,183.1999969482422
2022-11-25,145.90878295898438,93.41000366210938,50.246124267578125,96.87342834472656,110.63716888427734,241.7109375,16.249574661254883,79.7049789428711,7.28000020980835,182.86000061035156
2022-11-28,142.07659912109375,93.94999694824219,49.51601028442383,95.53347778320312,108.02539825439453,236.11474609375,15.807126998901367,78.42345428466797,7.159999847412109,182.9199981689453
2022-11-29,139.07192993164062,92.41999816894531,49.438255310058594,94.7295150756836,108.70069885253906,234.7181396484375,15.619364738464355,77.90312194824219,7.079999923706055,180.8300018310547
2022-11-30,145.82998657226562,96.54000091552734,52.24872589111328,100.69477081298828,117.28075408935547,249.1823272705078,16.906078338623047,80.00367736816406,7.5,194.6999969482422
2022-12-01,146.10580444335938,95.5,52.222171783447266,100.52603912353516,119.60453033447266,248.74281311035156,17.11786460876465,81.0443115234375,7.860000133514404,194.6999969482422
2022-12-02,145.61325073242188,94.12999725341797,51.27872085571289,100.07939910888672,122.63336181640625,249.0651397705078,16.859127044677734,80.31201171875,7.659999847412109,194.86000061035156
2022-12-05,144.45079040527344,91.01000213623047,50.315338134765625,99.12653350830078,121.58071899414062,244.35768127441406,16.5933895111084,76.53489685058594,7.190000057220459,182.4499969482422
2022-12-06,140.78607177734375,88.25,49.85830307006836,96.58558654785156,113.32835388183594,239.3962860107422,15.971013069152832,76.03384399414062,6.989999771118164,179.82000732421875
2022-12-07,138.8453369140625,88.45999908447266,49.16422653198242,94.4416732788086,113.13967895507812,238.66378784179688,16.103878021240234,75.90857696533203,7.070000171661377,174.0399932861328
2022-12-08,140.52993774414062,90.3499984741211,50.357059478759766,93.25060272216797,114.52997589111328,241.62306213378906,17.151832580566406,77.15157318115234,7.119999885559082,173.44000244140625
2022-12-09,140.04721069335938,89.08999633789062,51.650413513183594,92.37715911865234,115.09601593017578,239.6892852783203,16.983997344970703,76.94923400878906,7.110000133514404,179.0500030517578
2022-12-12,142.34262084960938,90.55000305175781,52.77970886230469,92.8635025024414,113.91426086425781,246.6137237548828,17.5174617767334,78.31745147705078,7.289999961853027,167.82000732421875
2022-12-13,143.30801391601562,92.48999786376953,54.14606857299805,95.13645935058594,119.31654357910156,250.92074584960938,18.053926467895508,77.62370300292969,7.5,160.9499969482422
2022-12-14,141.0816192626953,91.58000183105469,54.46846008300781,94.60047149658203,120.74653625488281,251.21376037597656,17.65632438659668,78.8377914428711,7.349999904632568,156.8000030517578
2022-12-15,134.47132873535156,88.44999694824219,52.90961837768555,90.52107238769531,115.34429168701172,243.19544982910156,16.935041427612305,77.15157318115234,7.010000228881836,157.6699981689453
2022-12-16,132.51087951660156,87.86000061035156,52.711448669433594,90.18360900878906,118.60153198242188,238.97630310058594,16.554428100585938,76.67942810058594,6.900000095367432,150.22999572753906
2022-12-19,130.40272521972656,84.91999816894531,52.55082321166992,88.48633575439453,113.68586730957031,234.83529663085938,16.237743377685547,77.56590270996094,6.349999904632568,149.8699951171875
2022-12-20,130.33377075195312,85.19000244140625,52.01444625854492,88.9627685546875,116.27775573730469,236.15379333496094,16.068912506103516,77.9898452758789,6.309999942779541,137.8000030517578
2022-12-21,133.43692016601562,86.7699966430664,53.659908294677734,89.5781478881836,118.92925262451172,238.72239685058594,16.484500885009766,78.52943420410156,6.5,137.57000732421875
2022-12-22,130.26478576660156,83.79000091552734,52.88163375854492,87.60295867919922,116.30756378173828,232.6281280517578,15.323659896850586,77.5562744140625,6.320000171661377,125.3499984741211
2022-12-23,129.90029907226562,85.25,52.81852722167969,89.14141082763672,117.2211685180664,233.155517578125,15.19079303741455,77.90312194824219,6.289999961853027,123.1500015258789
2022-12-27,128.09747314453125,83.04000091552734,52.924659729003906,87.27542877197266,116.06922149658203,231.42684936523438,14.106876373291016,78.02840423583984,6.0,109.0999984741211
2022-12-28,124.16679382324219,81.81999969482422,52.097625732421875,85.81636047363281,114.81796264648438,229.05355834960938,14.021964073181152,77.40208435058594,6.070000171661377,112.70999908447266
2022-12-29,127.68370819091797,84.18000030517578,53.332923889160156,88.28783416748047,119.42578125,235.38223266601562,14.588395118713379,78.4330825805664,6.400000095367432,121.81999969482422
2022-12-30,127.99897003173828,84.0,53.45912551879883,88.06946563720703,119.5052261352539,234.2200469970703,14.599385261535645,78.76069641113281,6.420000076293945,123.18000030517578
2023-01-03,123.21121978759766,85.81999969482422,52.91891860961914,89.03225708007812,123.87469482421875,233.9856414794922,14.30068302154541,80.66854095458984,6.389999866485596,108.0999984741211
2023-01-04,124.48204040527344,85.13999938964844,53.56525802612305,88.04962158203125,126.4864501953125,223.75035095214844,14.73425006866455,81.40081787109375,6.579999923706055,113.63999938964844
2023-01-05,123.16194915771484,83.12000274658203,53.066162109375,86.12403869628906,126.05943298339844,217.11891174316406,14.25073528289795,81.23703002929688,6.320000171661377,110.33999633789062
2023-01-06,127.69358825683594,86.08000183105469,56.26053237915039,87.50370788574219,129.1180877685547,219.677734375,14.84414005279541,82.53782653808594,6.400000095367432,113.05999755859375
2023-01-09,128.21566772460938,87.36000061035156,55.15718460083008,88.13893127441406,128.57191467285156,221.81655883789062,15.612370491027832,83.58236694335938,6.5,119.7699966430664
2023-01-10,128.78709411621094,89.87000274658203,54.96978759765625,88.57566833496094,132.0674591064453,223.50621032714844,15.89309024810791,83.65974426269531,6.699999809265137,118.8499984741211
2023-01-11,131.50608825683594,95.08999633789062,55.276695251464844,91.57318878173828,131.96817016601562,230.26458740234375,15.984996795654297,85.69078063964844,6.980000019073486,123.22000122070312
2023-01-12,131.4272918701172,95.2699966430664,55.6400260925293,91.22579956054688,135.76165771484375,232.9406280517578,16.494483947753906,85.8648681640625,7.010000228881836,123.55999755859375
2023-01-13,132.75717163085938,98.12000274658203,55.358917236328125,92.10916137695312,136.02978515625,233.64381408691406,16.882102966308594,86.27106475830078,6.960000038146973,122.4000015258789
2023-01-17,133.919677734375,96.05000305175781,55.381866455078125,91.47393798828125,134.42100524902344,234.7376708984375,17.684297561645508,85.69078063964844,7.070000171661377,131.49000549316406
2023-01-18,133.2005157470703,95.45999908447266,54.908592224121094,91.09675598144531,132.09725952148438,230.3036651611328,17.3596248626709,83.86283874511719,6.900000095367432,128.77999877929688
2023-01-19,133.2596435546875,93.68000030517578,53.85017013549805,93.21090698242188,135.20555114746094,226.51426696777344,16.748233795166016,83.11812591552734,6.730000019073486,127.16999816894531
2023-01-20,135.8209686279297,97.25,54.572998046875,98.54093170166016,138.40321350097656,234.61070251464844,17.82115936279297,84.3851089477539,7.019999980926514,133.4199981689453
2023-01-23,139.0128173828125,97.5199966430664,55.610382080078125,100.45655059814453,142.2761688232422,236.9155731201172,19.17380714416504,86.04861450195312,7.380000114440918,143.75
2023-01-24,140.41172790527344,96.31999969482422,55.935455322265625,98.47145080566406,142.14706420898438,236.38821411132812,19.2457332611084,86.7546615600586,7.019999980926514,143.88999938964844
2023-01-25,139.7516632080078,97.18000030517578,55.99760437011719,96.0099105834961,140.5184326171875,234.99159240722656,19.303674697875977,86.69660949707031,7.21999979019165,144.42999267578125
2023-01-26,141.82044982910156,99.22000122070312,57.230987548828125,98.42182159423828,146.27821350097656,242.2090301513672,19.782197952270508,86.8803939819336,7.239999771118164,160.27000427246094
2023-01-27,143.76116943359375,102.23999786376953,56.50529861450195,99.96027374267578,150.68740844726562,242.36529541015625,20.34463119506836,86.0679702758789,7.550000190734863,177.89999389648438
2023-01-30,140.87474060058594,100.55000305175781,55.593170166015625,97.22081756591797,146.03985595703125,237.0425567626953,19.14283561706543,84.48182678222656,7.369999885559082,166.66000366210938
2023-01-31,142.1455535888672,103.12999725341797,55.93354415893555,99.12653350830078,147.9365997314453,242.02346801757812,19.517465591430664,85.55537414550781,7.78000020980835,173.22000122070312
2023-02-01,143.2686309814453,105.1500015258789,57.62968826293945,100.67491149902344,152.0578155517578,246.8480987548828,20.922056198120117,87.09317016601562,8.199999809265137,181.41000366210938
2023-02-02,148.57850646972656,112.91000366210938,57.91843795776367,107.99005889892578,187.4605255126953,258.4214782714844,21.68729019165039,86.44515991210938,8.989999771118164,188.27000427246094
2023-02-03,152.20382690429688,103.38999938964844,57.13920593261719,104.43670654296875,185.23605346679688,252.3173828125,21.078899383544922,86.67728424072266,8.40999984741211,189.97999572753906
2023-02-06,149.47499084472656,102.18000030517578,57.49105453491211,102.6997299194336,184.76931762695312,250.7742462158203,21.067913055419922,85.6230697631836,8.3100004196167,194.75999450683594
2023-02-07,152.35159301757812,102.11000061035156,58.748348236083984,107.2357177734375,190.29074096679688,261.312255859375,22.15082550048828,84.8590087890625,8.329999923706055,196.80999755859375
2023-02-08,149.66212463378906,100.05000305175781,57.53025436401367,99.25556182861328,182.15756225585938,260.5017395019531,22.182790756225586,83.8434829711914,8.220000267028809,201.2899932861328
2023-02-09,148.62777709960938,98.23999786376953,57.31035232543945,94.74935913085938,176.68577575683594,257.46429443359375,22.314659118652344,83.8048095703125,7.949999809265137,207.32000732421875
2023-02-10,148.99282836914062,97.61000061035156,56.72138595581055,94.1538314819336,172.94195556640625,256.9564514160156,21.243732452392578,84.2787094116211,7.510000228881836,196.88999938964844
2023-02-13,151.7948760986328,99.54000091552734,57.47385025024414,94.29278564453125,178.18531799316406,264.98443603515625,21.766206741333008,86.48384094238281,7.610000133514404,194.63999938964844
2023-02-14,151.15354919433594,99.69999694824219,57.58761978149414,94.2431640625,178.23497009277344,265.8146667480469,22.948026657104492,86.1646728515625,9.220000267028809,209.25
2023-02-15,153.25511169433594,101.16000366210938,58.102012634277344,96.37715148925781,175.93106079101562,263.69000244140625,22.741233825683594,85.4393081665039,10.109999656677246,214.24000549316406
2023-02-16,151.65676879882812,98.1500015258789,57.418392181396484,95.06698608398438,171.24380493164062,256.6699523925781,21.979995727539062,84.83966827392578,9.710000038146973,202.0399932861328
2023-02-17,150.5122528076172,97.19999694824219,56.94510269165039,93.88583374023438,171.68075561523438,252.66537475585938,21.366613388061523,84.41410827636719,9.199999809265137,208.30999755859375
2023-02-21,146.49656677246094,94.58000183105469,55.60177230834961,91.36475372314453,170.8863067626953,247.38804626464844,20.634340286254883,83.36957550048828,8.470000267028809,197.3699951171875
2023-02-22,146.92088317871094,95.79000091552734,55.08833694458008,91.11661529541016,169.93296813964844,246.25233459472656,20.733245849609375,83.48562622070312,8.359999656677246,200.86000061035156
2023-02-23,147.40432739257812,95.81999969482422,55.81785583496094,90.39203643798828,170.8465576171875,249.44419860839844,23.640335083007812,85.67143249511719,8.170000076293945,202.07000732421875
2023-02-24,144.7502899169922,93.5,55.239410400390625,88.68484497070312,169.2080078125,244.01019287109375,23.262712478637695,85.74880981445312,8.09000015258789,196.8800048828125
2023-02-27,145.94412231445312,93.76000213623047,55.975616455078125,89.42925262451172,168.36392211914062,244.93052673339844,23.477495193481445,85.07179260253906,8.029999732971191,207.6300048828125
2023-02-28,145.44091796875,94.2300033569336,56.82082748413086,89.6277847290039,173.72645568847656,244.2060089111328,23.192785263061523,84.5301742553711,7.840000152587891,205.7100067138672
2023-03-01,143.36895751953125,92.16999816894531,56.751976013183594,89.83621215820312,172.21702575683594,241.1219024658203,22.67530059814453,83.5049819946289,7.690000057220459,202.77000427246094
2023-03-02,143.96095275878906,92.12999725341797,57.23768615722656,91.622802734375,173.31932067871094,245.8606719970703,23.29068374633789,84.11429595947266,7.96999979019165,190.89999389648438
2023-03-03,149.0125274658203,94.9000015258789,60.49898910522461,93.320068359375,183.96495056152344,249.95327758789062,23.86610984802246,86.31944274902344,8.329999923706055,197.7899932861328
2023-03-06,151.77516174316406,93.75,60.51427459716797,94.86846160888672,183.6173553466797,251.5002899169922,23.530445098876953,86.7933349609375,8.279999732971191,193.80999755859375
2023-03-07,149.574951171875,93.55000305175781,59.77137756347656,93.4689712524414,183.23007202148438,248.83712768554688,23.268661499023438,85.45866394042969,8.279999732971191,187.7100067138672
2023-03-08,150.8280029296875,93.91999816894531,60.45118713378906,93.94538879394531,183.6868896484375,248.39651489257812,24.160919189453125,85.58438873291016,8.130000114440918,182.0
2023-03-09,148.57843017578125,92.25,59.51991653442383,91.97021484375,180.42965698242188,247.04541015625,23.416542053222656,84.01758575439453,7.690000057220459,172.9199981689453
2023-03-10,146.51638793945312,90.7300033569336,58.784671783447266,90.3324966430664,178.26475524902344,243.39334106445312,22.94593048095703,81.30950164794922,7.349999904632568,173.44000244140625
2023-03-13,148.46005249023438,92.43000030517578,58.94147872924805,90.9776611328125,179.64512634277344,248.6119384765625,22.946929931640625,82.14128112792969,7.869999885559082,174.47999572753906
2023-03-14,150.5517120361328,94.87999725341797,60.470298767089844,93.54837799072266,192.6741180419922,255.33834838867188,24.043018341064453,81.78343963623047,7.889999866485596,183.25999450683594
2023-03-15,150.94638061523438,96.19999694824219,59.856475830078125,95.83123779296875,196.37823486328125,259.89111328125,24.207881927490234,80.25532531738281,7.900000095367432,180.4499969482422
2023-03-16,153.76820373535156,100.04000091552734,60.856571197509766,100.3176040649414,203.50843811035156,270.4261779785156,25.51978874206543,82.03489685058594,7.980000019073486,184.1300048828125
2023-03-17,152.92955017089844,98.94999694824219,60.32783508300781,101.69725036621094,194.25308227539062,273.58868408203125,25.70363426208496,82.46044921875,7.880000114440918,180.1300048828125
2023-03-20,155.29747009277344,97.70999908447266,61.545928955078125,101.17119598388672,196.43780517578125,266.5391540527344,25.87849235534668,84.10462951660156,8.079999923706055,183.25
2023-03-21,157.15232849121094,100.61000061035156,61.31865692138672,105.05207824707031,200.75762939453125,268.0567321777344,26.17724609375,84.70427703857422,8.449999809265137,197.5800018310547
2023-03-22,155.7217254638672,98.69999694824219,60.757232666015625,103.44415283203125,198.42393493652344,266.5979309082031,26.446022033691406,85.01376342773438,8.210000038146973,191.14999389648438
2023-03-23,156.80702209472656,98.70999908447266,61.5574836730957,105.46897888183594,202.8629608154297,271.8556823730469,27.168418884277344,84.897705078125,8.329999923706055,192.22000122070312
2023-03-24,158.10939025878906,98.12999725341797,61.26280975341797,105.27045440673828,204.58096313476562,274.704833984375,26.756763458251953,85.1201400756836,8.199999809265137,190.41000366210938
2023-03-27,156.16571044921875,98.04000091552734,60.36433410644531,102.29277801513672,201.43292236328125,270.6024475097656,26.508974075317383,87.18020629882812,8.039999961853027,191.80999755859375
2023-03-28,155.54412841796875,97.23999786376953,60.15825271606445,100.6054458618164,199.2879180908203,269.47650146484375,26.3880672454834,86.89973449707031,8.0,189.19000244140625
2023-03-29,158.62245178222656,100.25,60.235286712646484,101.14142608642578,203.92555236816406,274.6460876464844,26.961591720581055,87.64446258544922,8.220000267028809,193.8800048828125
2023-03-30,160.19119262695312,102.0,61.029762268066406,100.56575012207031,206.3982391357422,278.112060546875,27.360261917114258,87.53804779052734,8.149999618530273,195.27999877929688
2023-03-31,162.69728088378906,103.29000091552734,61.77993392944336,103.22578430175781,210.46978759765625,282.2732238769531,27.75393295288086,89.86892700195312,8.449999809265137,207.4600067138672
2023-04-03,163.95034790039062,102.41000366210938,61.86949157714844,104.12902069091797,211.59197998046875,281.2256164550781,27.94178009033203,90.83609008789062,8.380000114440918,194.77000427246094
2023-04-04,163.41751098632812,103.94999694824219,61.093318939208984,104.33744812011719,213.2305145263672,281.1766357421875,27.430204391479492,90.9134750366211,8.350000381469727,192.5800018310547
2023-04-05,161.57252502441406,101.0999984741211,60.573299407958984,104.16871643066406,210.0129852294922,278.3960266113281,26.858680725097656,91.77423095703125,7.980000019073486,185.52000427246094
2023-04-06,162.46051025390625,102.05999755859375,59.95987319946289,108.08930206298828,214.60093688964844,285.5043029785156,27.01454734802246,92.77042388916016,8.09000015258789,185.05999755859375
2023-04-10,159.86561584472656,102.16999816894531,60.417293548583984,106.15383911132812,213.26031494140625,283.3404846191406,27.55609703063965,91.06108856201172,8.390000343322754,184.50999450683594
2023-04-11,158.65206909179688,99.91999816894531,59.85683822631836,105.33000946044922,212.3665313720703,276.9175720214844,27.14643669128418,91.26504516601562,8.609999656677246,186.7899932861328
2023-04-12,157.96142578125,97.83000183105469,59.38785934448242,104.43670654296875,212.51553344726562,277.5637512207031,26.472997665405273,91.1970443725586,8.329999923706055,180.5399932861328
2023-04-13,163.3484344482422,102.4000015258789,60.11394500732422,107.38460540771484,218.82147216796875,283.78106689453125,26.441024780273438,92.799560546875,8.579999923706055,185.89999389648438
2023-04-14,163.0031280517578,102.51000213623047,59.66135025024414,108.64514923095703,219.9535675048828,280.15838623046875,26.735780715942383,92.95494842529297,8.8100004196167,185.0
2023-04-17,163.02288818359375,102.73999786376953,60.4144172668457,105.62777709960938,217.341796875,282.7627868652344,26.979576110839844,92.83838653564453,8.800000190734863,187.0399932861328
2023-04-18,164.2462921142578,102.30000305175781,60.89204788208008,104.33744812011719,216.3785400390625,282.3417663574219,27.644027709960938,93.69307708740234,8.729999542236328,184.30999755859375
2023-04-19,165.3908233642578,104.30000305175781,61.101985931396484,104.23818969726562,214.20372009277344,282.42010498046875,27.907804489135742,93.05207061767578,8.489999771118164,180.58999633789062
2023-04-20,164.4239044189453,103.80999755859375,60.9594612121582,105.11164093017578,211.59197998046875,280.1290283203125,27.081491470336914,92.10028839111328,8.149999618530273,162.99000549316406
2023-04-21,162.81568908691406,106.95999908447266,60.94790267944336,105.12157440185547,211.41322326660156,279.78631591796875,27.096481323242188,92.41107177734375,8.180000305175781,165.0800018310547
2023-04-24,163.12155151367188,106.20999908447266,61.105831146240234,105.98509216308594,211.31390380859375,275.8797302246094,27.01954460144043,92.6927261352539,8.100000381469727,162.5500030517578
2023-04-25,161.58238220214844,102.56999969482422,59.900169372558594,103.83124542236328,206.11024475097656,269.6625061035156,26.219207763671875,91.3524398803711,7.739999771118164,160.6699981689453
2023-04-26,161.57252502441406,104.9800033569336,59.3387451171875,103.67243957519531,207.9474334716797,289.1954345703125,26.933612823486328,91.01252746582031,7.739999771118164,153.75
2023-04-27,166.16041564941406,109.81999969482422,59.552528381347656,107.56326293945312,236.9051513671875,298.4576721191406,27.203392028808594,92.30422973632812,7.820000171661377,160.19000244140625
2023-04-28,167.41342163085938,105.44999694824219,60.331600189208984,107.41437530517578,238.6529541015625,300.8369445800781,27.7259578704834,91.99344635009766,7.75,164.30999755859375
2023-05-01,167.32461547851562,102.05000305175781,61.4342155456543,106.9081802368164,241.49307250976562,299.17236328125,28.8859920501709,92.1391372680664,7.78000020980835,161.8300018310547
2023-05-02,166.2886505126953,103.62999725341797,58.96799087524414,105.19104766845703,237.58041381835938,299.02557373046875,28.186573028564453,92.0711441040039,7.590000152587891,160.30999755859375
2023-05-03,165.2132110595703,103.6500015258789,59.05080795288086,105.33000946044922,235.3857421875,298.0367126464844,27.778913497924805,92.05172729492188,7.559999942779541,160.61000061035156
2023-05-04,163.5753936767578,104.0,58.758052825927734,104.4267807006836,231.90013122558594,299.02557373046875,27.539113998413086,92.23624420166016,7.380000114440918,161.1999969482422
2023-05-05,171.25149536132812,105.66000366210938,60.68019485473633,105.4242935180664,231.16525268554688,304.1560363769531,28.656185150146484,94.17868041992188,7.409999847412109,170.05999755859375
2023-05-08,171.1824188232422,105.83000183105469,60.57811737060547,107.4342269897461,231.65184020996094,302.1978454589844,29.12679100036621,94.00385284423828,7.739999771118164,171.7899932861328
2023-05-09,169.47552490234375,106.62000274658203,59.562156677246094,107.13646697998047,231.7511444091797,300.5823059082031,28.547273635864258,93.37257385253906,9.550000190734863,169.14999389648438
2023-05-10,171.24159240722656,110.19000244140625,60.3094367980957,111.44414520263672,231.46315002441406,305.7813415527344,28.861013412475586,94.71283721923828,9.9399995803833,168.5399932861328
2023-05-11,171.4290771484375,112.18000030517578,60.44425964355469,116.02974700927734,234.1543731689453,303.6272888183594,28.55426788330078,94.6351547241211,9.880000114440918,172.0800018310547
2023-05-12,170.50035095214844,110.26000213623047,60.77938461303711,117.04215240478516,232.1881103515625,302.5111083984375,28.316469192504883,95.03334045410156,9.5,167.97999572753906
2023-05-15,170.00634765625,111.19999694824219,61.612369537353516,116.08930969238281,237.20306396484375,302.9908752441406,28.928953170776367,94.46031951904297,9.520000457763672,166.35000610351562
2023-05-16,170.00634765625,113.4000015258789,61.770294189453125,119.19599914550781,237.16334533691406,305.2232971191406,29.188739776611328,95.42183685302734,9.470000267028809,166.52000427246094
2023-05-17,170.61891174316406,115.5,63.31398010253906,120.57566833496094,240.80789184570312,308.1080627441406,30.15294075012207,96.89807891845703,10.25,173.86000061035156
2023-05-18,172.9506072998047,118.1500015258789,65.2813720703125,122.6004638671875,245.13763427734375,312.54327392578125,31.65169334411621,99.39410400390625,11.739999771118164,176.88999938964844
2023-05-19,173.0592803955078,116.25,65.70028686523438,122.33248901367188,243.93603515625,312.36663818359375,31.238039016723633,99.87971496582031,11.710000038146973,180.13999938964844
2023-05-22,172.11077880859375,115.01000213623047,65.3266372680664,124.93297576904297,246.59742736816406,315.1533508300781,31.15011215209961,98.84050750732422,11.84000015258789,188.8699951171875
2023-05-23,169.50245666503906,114.98999786376953,66.10954284667969,122.37218475341797,245.02841186523438,309.3444519042969,30.662513732910156,95.70349884033203,12.640000343322754,185.77000427246094
2023-05-24,169.77908325195312,116.75,65.43836212158203,120.73446655273438,247.4812774658203,307.9609069824219,30.51264190673828,95.48982238769531,12.229999542236328,182.89999389648438
2023-05-25,170.91529846191406,115.0,70.18303680419922,123.4242935180664,250.9371337890625,319.8044128417969,37.94845962524414,101.2879638671875,12.84000015258789,184.47000122070312
2023-05-26,173.32603454589844,120.11000061035156,78.26543426513672,124.49626159667969,260.2222900390625,326.64361572265625,38.91366195678711,101.08401489257812,13.649999618530273,193.1699981689453
2023-05-30,175.17359924316406,121.66000366210938,77.36116790771484,123.7121353149414,260.6989440917969,324.9951477050781,40.07769775390625,102.12321472167969,14.710000038146973,201.16000366210938
2023-05-31,175.1242218017578,120.58000183105469,77.80606842041016,122.45160675048828,262.8836669921875,322.2280578613281,37.80258560180664,102.8904800415039,14.710000038146973,203.92999267578125
2023-06-01,177.93014526367188,122.7699966430664,76.07174682617188,123.44413757324219,270.718994140625,326.33941650390625,39.73698043823242,102.93903350830078,14.539999961853027,207.52000427246094
2023-06-02,178.77980041503906,124.25,78.19512939453125,124.29774475097656,270.718994140625,329.1064758300781,39.29433822631836,102.8419189453125,14.520000457763672,213.97000122070312
2023-06-05,177.42626953125,125.30000305175781,77.26103210449219,125.68732452392578,269.50738525390625,329.63641357421875,39.138465881347656,103.85197448730469,15.239999771118164,217.61000061035156
2023-06-06,177.06069946289062,126.61000061035156,76.07655334472656,126.95780181884766,269.2392578125,327.4188232421875,38.621910095214844,104.01708221435547,15.460000038146973,221.30999755859375
2023-06-07,175.6873779296875,121.2300033569336,76.3298110961914,122.0248031616211,261.7714538574219,317.3121032714844,37.447750091552734,102.2203369140625,14.6899995803833,224.57000732421875
2023-06-08,178.40440368652344,124.25,77.4439926147461,121.75679779052734,262.7446594238281,319.1568298339844,38.48200225830078,104.38615417480469,15.1899995803833,234.86000061035156
2023-06-09,178.78973388671875,123.43000030517578,77.48443603515625,121.955322265625,263.1120910644531,320.6580810546875,38.74181365966797,106.68792724609375,15.020000457763672,244.39999389648438
2023-06-12,181.58575439453125,126.56999969482422,82.37068176269531,123.4242935180664,269.1697692871094,325.6231384277344,39.45329666137695,113.07850646972656,15.649999618530273,249.8300018310547
2023-06-13,181.1115264892578,126.66000366210938,81.96236419677734,123.50370025634766,269.4378967285156,328.0173645019531,40.99217987060547,113.32131958007812,16.0,258.7099914550781
2023-06-14,181.7438507080078,126.41999816894531,85.33863067626953,123.45407104492188,271.45379638671875,331.0101013183594,42.96574401855469,118.75040435791016,15.90999984741211,256.7900085449219
2023-06-15,183.77915954589844,127.11000061035156,85.07379913330078,124.85357666015625,279.875,341.5682678222656,42.62199401855469,122.90721130371094,16.600000381469727,255.89999389648438
2023-06-16,182.7022247314453,125.48999786376953,83.59849548339844,123.1364517211914,279.0507507324219,335.9064636230469,42.66095733642578,121.84857940673828,16.299999237060547,260.5400085449219
2023-06-20,182.79112243652344,125.77999877929688,83.59078979492188,122.92801666259766,282.35760498046875,331.7067565917969,43.77614974975586,118.52703094482422,15.789999961853027,274.45001220703125
2023-06-21,181.75372314453125,124.83000183105469,82.06405639648438,120.35730743408203,279.6863098144531,327.301025390625,43.01370620727539,118.58529663085938,14.640000343322754,259.4599914550781
2023-06-22,184.7572479248047,130.14999389648438,81.55773162841797,122.94786071777344,282.90380859375,333.335693359375,42.99372100830078,117.10905456542969,14.050000190734863,264.6099853515625
2023-06-23,184.4411163330078,129.3300018310547,79.5943603515625,122.10418701171875,286.7271423339844,328.7336120605469,42.178314208984375,115.22489166259766,14.029999732971191,256.6000061035156
2023-06-26,183.0480499267578,127.33000183105469,79.54402923583984,118.20345306396484,276.538330078125,322.43414306640625,40.60245895385742,113.41844177246094,13.9399995803833,241.0500030517578
2023-06-27,185.80458068847656,129.17999267578125,82.13568878173828,118.1240463256836,285.05877685546875,328.2921447753906,41.84555435180664,114.44792938232422,14.609999656677246,250.2100067138672
2023-06-28,186.98028564453125,129.0399932861328,82.0911636352539,120.17864227294922,283.31097412109375,329.54803466796875,41.08710861206055,113.1756362915039,15.279999732971191,256.239990234375
2023-06-29,187.31619262695312,127.9000015258789,83.50753784179688,119.11660766601562,279.5770263671875,328.7630920410156,40.792320251464844,114.38966369628906,15.199999809265137,257.5
2023-06-30,191.6436767578125,130.36000061035156,83.97803497314453,120.0694580078125,284.9892883300781,334.1501159667969,42.271244049072266,115.66194152832031,15.329999923706055,261.7699890136719
2023-07-03,190.1518096923828,130.22000122070312,84.8503189086914,119.6624984741211,284.035888671875,331.6479187011719,42.38215637207031,113.77779388427734,15.520000457763672,279.82000732421875
2023-07-05,189.03533935546875,130.3800048828125,83.43878173828125,121.71710968017578,292.3279724121094,331.8049621582031,42.28623580932617,112.6220474243164,15.699999809265137,282.4800109863281
2023-07-06,189.50958251953125,128.36000061035156,82.09697723388672,120.0297622680664,289.9644775390625,334.8663330078125,42.07239532470703,112.1267318725586,15.130000114440918,276.5400085449219
2023-07-07,188.39312744140625,129.77999877929688,81.9759521484375,119.24563598632812,288.5146789550781,330.89239501953125,42.47209548950195,111.31090545654297,15.34000015258789,274.42999267578125
2023-07-10,186.3479766845703,127.12999725341797,84.97521209716797,115.99998474121094,292.0599060058594,325.6035461425781,42.149330139160156,111.08753204345703,16.299999237060547,269.6099853515625
2023-07-11,185.82432556152344,128.77999877929688,85.39342498779297,116.83372497558594,296.2208251953125,326.23150634765625,42.37417221069336,111.96467590332031,16.489999771118164,269.7900085449219
2023-07-12,187.49404907226562,130.8000030517578,86.15824890136719,118.7295150756836,307.1941833496094,330.8727722167969,43.870079040527344,113.07575988769531,16.59000015258789,271.989990234375
2023-07-13,188.25482177734375,134.3000030517578,86.19793701171875,123.90072631835938,311.2359313964844,336.23028564453125,45.94357681274414,114.46946716308594,16.739999771118164,277.8999938964844
2023-07-14,188.40304565429688,134.67999267578125,86.0256118774414,124.76425170898438,306.7274169921875,338.7618713378906,45.435943603515625,116.2432861328125,16.399999618530273,281.3800048828125
2023-07-17,191.6634521484375,133.55999755859375,88.13323974609375,124.12902069091797,308.46527099609375,339.24267578125,46.42723083496094,115.8729248046875,17.399999618530273,290.3800048828125
2023-07-18,191.40655517578125,132.8300018310547,87.4632797241211,123.15631103515625,309.8853759765625,352.74444580078125,47.45947265625,117.70520782470703,18.079999923706055,293.3399963378906
2023-07-19,192.7601318359375,135.36000061035156,87.26385498046875,121.86597442626953,313.81787109375,348.4172668457031,47.04277420043945,115.67800903320312,18.049999237060547,291.260009765625
2023-07-20,190.8137664794922,129.9600067138672,86.00239562988281,118.64018249511719,300.4214782714844,340.3612976074219,45.486907958984375,112.9393081665039,17.1299991607666,262.8999938964844
2023-07-21,189.63803100585938,130.0,86.81659698486328,119.41437530517578,292.2187805175781,337.3194580078125,44.27677917480469,114.6644058227539,16.43000030517578,260.0199890136719
2023-07-24,190.43832397460938,128.8000030517578,87.28514862060547,120.97268676757812,289.5871276855469,338.6342468261719,44.57956314086914,115.07373809814453,16.31999969482422,269.05999755859375
2023-07-25,191.29786682128906,129.1300048828125,88.87289428710938,121.87591552734375,292.4273376464844,344.3941650390625,45.645790100097656,114.9567642211914,16.549999237060547,265.2799987792969
2023-07-26,192.16732788085938,128.14999389648438,86.46223449707031,128.6947784423828,296.4988708496094,331.43206787109375,45.4189567565918,112.56895446777344,16.43000030517578,264.3500061035156
2023-07-27,190.9026641845703,128.25,86.50484466552734,128.90321350097656,309.5477294921875,324.5143127441406,45.866634368896484,113.44611358642578,16.149999618530273,255.7100067138672
2023-07-28,193.4813690185547,132.2100067138672,87.11087036132812,132.01983642578125,323.22216796875,332.0207824707031,46.71601486206055,113.04651641845703,17.809999465942383,266.44000244140625
2023-07-31,194.09393310546875,133.67999267578125,87.0005111694336,132.11907958984375,316.3899230957031,329.6167907714844,46.69502639770508,114.25505828857422,19.84000015258789,267.42999267578125
2023-08-01,193.2639923095703,131.69000244140625,89.06746673583984,130.90817260742188,320.47137451171875,330.0289001464844,46.47319030761719,114.91780090332031,19.989999771118164,261.07000732421875
2023-08-02,190.2703399658203,128.2100067138672,86.38577270507812,127.68235778808594,312.1296691894531,321.35479736328125,44.23681640625,112.77362060546875,18.969999313354492,254.11000061035156
2023-08-03,188.87725830078125,128.91000366210938,85.6771011352539,127.81139373779297,311.0174255371094,320.530517578125,44.48263168334961,111.64306640625,18.709999084472656,259.32000732421875
2023-08-04,179.80735778808594,139.57000732421875,85.3547134399414,127.58311462402344,308.57452392578125,321.6295166015625,44.647518157958984,111.53585052490234,18.200000762939453,253.86000061035156
2023-08-07,176.7050323486328,142.22000122070312,86.84658813476562,130.95779418945312,314.3640441894531,323.915771484375,45.38398742675781,113.15372467041016,17.989999771118164,251.4499969482422
2023-08-08,177.6436309814453,139.94000244140625,85.50090789794922,130.85855102539062,310.47125244140625,319.9319152832031,44.631526947021484,112.30581665039062,17.040000915527344,249.6999969482422
2023-08-09,176.05296325683594,137.85000610351562,82.36125946044922,129.18112182617188,303.0928039550781,316.18365478515625,42.523067474365234,110.22986602783203,15.25,242.19000244140625
2023-08-10,175.8355712890625,138.55999755859375,81.60321807861328,129.2406768798828,303.6191101074219,316.8705139160156,42.35718536376953,110.12265014648438,15.40999984741211,245.33999633789062
2023-08-11,175.89492797851562,138.41000366210938,80.33110809326172,129.20095825195312,299.54754638671875,314.986572265625,40.82529830932617,110.19087219238281,15.40999984741211,242.64999389648438
2023-08-14,177.54713439941406,140.57000732421875,82.68753814697266,130.84861755371094,304.0660400390625,317.95965576171875,43.72119140625,112.63719177246094,15.720000267028809,239.75999450683594
2023-08-15,175.55856323242188,137.6699981689453,81.5664291381836,129.3002166748047,299.85540771484375,315.820556640625,43.908050537109375,114.31353759765625,15.369999885559082,232.9600067138672
2023-08-16,174.6879425048828,135.07000732421875,80.64382934570312,128.1488800048828,292.2485656738281,315.0536193847656,43.454383850097656,112.41300964355469,15.449999809265137,225.60000610351562
2023-08-17,172.1453399658203,133.97999572753906,80.07359313964844,129.4888153076172,283.1123962402344,311.5924072265625,43.3124885559082,111.96467590332031,14.149999618530273,219.22000122070312
2023-08-18,172.630126953125,133.22000122070312,79.95160675048828,127.15630340576172,281.28515625,311.19903564453125,43.267520904541016,113.50458526611328,14.399999618530273,215.49000549316406
2023-08-21,173.96572875976562,134.67999267578125,83.75634002685547,127.97018432617188,287.8890075683594,316.5088806152344,46.9328498840332,113.63128662109375,14.5,231.27999877929688
2023-08-22,175.34088134765625,134.25,82.85113525390625,128.72454833984375,285.60498046875,317.0792541503906,45.63479995727539,113.58255767822266,14.670000076293945,233.19000244140625
2023-08-23,179.18943786621094,135.52000427246094,84.86385345458984,132.21835327148438,292.19891357421875,321.5434265136719,47.08175277709961,114.84957885742188,15.300000190734863,236.86000061035156
2023-08-24,174.49996948242188,131.83999633789062,82.72238159179688,129.44911193847656,284.7608337402344,314.6308288574219,47.12871170043945,110.04468536376953,14.140000343322754,230.0399932861328
2023-08-25,176.70620727539062,133.25999450683594,82.466796875,129.7170867919922,283.5195617675781,317.5905456542969,45.98454666137695,113.11474609375,14.529999732971191,238.58999633789062
2023-08-28,178.2693634033203,133.13999938964844,83.36328125,130.80889892578125,288.24652099609375,318.298583984375,46.80095291137695,113.87495422363281,14.640000343322754,238.82000732421875
2023-08-29,182.15745544433594,134.91000366210938,86.15631866455078,134.4813995361328,295.9228515625,322.9299621582031,48.74853515625,117.5882568359375,15.399999618530273,257.17999267578125
2023-08-30,185.6498260498047,135.07000732421875,86.38381958007812,135.91064453125,293.052978515625,323.3036193847656,49.228179931640625,118.04633331298828,16.329999923706055,256.8999938964844
2023-08-31,185.8674774169922,138.00999450683594,89.34725189208984,136.32752990722656,293.83746337890625,322.2908020019531,49.319122314453125,117.3348617553711,14.979999542236328,258.0799865722656
2023-09-01,187.4405517578125,138.1199951171875,84.47080993652344,135.78160095214844,294.3240661621094,323.1758117675781,48.47372817993164,117.86114501953125,15.180000305175781,245.00999450683594
2023-09-05,187.67799377441406,137.27000427246094,84.43692779541016,135.69229125976562,298.06793212890625,327.98419189453125,48.51271057128906,120.83375549316406,15.210000038146973,256.489990234375
2023-09-06,180.96035766601562,135.36000061035156,84.44660949707031,134.36227416992188,297.0946960449219,327.32537841796875,47.030662536621094,121.17487335205078,15.300000190734863,251.9199981689453
2023-09-07,175.66738891601562,137.85000610351562,82.97118377685547,135.18606567382812,296.59820556640625,324.4049072265625,46.21118927001953,121.91558074951172,15.210000038146973,251.49000549316406
2023-09-08,176.28076171875,138.22999572753906,83.02152252197266,136.1786346435547,295.8235778808594,328.6921691894531,45.542625427246094,123.11437225341797,15.130000114440918,248.5
2023-09-11,177.4481964111328,143.10000610351562,83.17547607421875,136.71463012695312,305.4264831542969,332.30096435546875,45.14887237548828,123.4944839477539,15.789999961853027,273.5799865722656
2023-09-12,174.42083740234375,141.22999572753906,81.76005554199219,135.05706787109375,299.5674743652344,326.23382568359375,44.841068267822266,106.82843017578125,15.59000015258789,267.4800109863281
2023-09-13,172.35308837890625,144.85000610351562,82.57424926757812,136.47640991210938,302.94384765625,330.4523010253906,45.45568084716797,109.0018310546875,15.600000381469727,271.29998779296875
2023-09-14,173.86680603027344,144.72000122070312,84.3856201171875,137.95530700683594,309.55767822265625,333.0482482910156,45.55161666870117,110.7756576538086,15.829999923706055,276.0400085449219
2023-09-15,173.14456176757812,140.38999938964844,82.45323944091797,137.27044677734375,298.2267761230469,324.70977783203125,43.87169647216797,111.01929473876953,15.329999923706055,274.3900146484375
2023-09-18,176.07301330566406,139.97999572753906,82.29058837890625,137.925537109375,300.4512634277344,323.569091796875,43.937652587890625,109.3624496459961,15.460000038146973,265.2799987792969
2023-09-19,177.1613006591797,137.6300048828125,82.21314239501953,137.79649353027344,302.9537658691406,323.16595458984375,43.491943359375,109.90823364257812,15.149999618530273,266.5
2023-09-20,173.6194610595703,135.2899932861328,80.84745788574219,133.58807373046875,297.5912170410156,315.41741943359375,42.211769104003906,110.00568389892578,14.739999771118164,262.5899963378906
2023-09-21,172.07606506347656,129.3300018310547,78.685546875,130.3821258544922,293.6785583496094,314.19805908203125,40.99055862426758,106.65299224853516,14.0,255.6999969482422
2023-09-22,172.92691040039062,129.1199951171875,80.70242309570312,130.27293395996094,297.00531005859375,311.72021484375,41.58317184448242,106.26314544677734,14.130000114440918,244.8800048828125
2023-09-25,174.2031707763672,131.27000427246094,81.17063903808594,131.1860809326172,298.7431640625,312.2413635253906,42.194786071777344,105.55167388916016,14.220000267028809,246.99000549316406
2023-09-26,170.1270751953125,125.9800033569336,79.44772338867188,128.48634338378906,296.88616943359375,306.9314270019531,41.88397979736328,102.21846008300781,13.960000038146973,244.1199951171875
2023-09-27,168.61337280273438,125.9800033569336,79.50808715820312,130.4813690185547,295.67462158203125,307.5705871582031,42.44062423706055,101.9650650024414,14.850000381469727,240.5
2023-09-28,168.87063598632812,125.9800033569336,80.98666381835938,132.1389617919922,301.8514709472656,308.40643310546875,43.06121826171875,103.45623016357422,15.770000457763672,246.3800048828125
2023-09-29,169.3850860595703,127.12000274658203,80.84844970703125,130.86846923828125,298.1275329589844,310.4811706542969,43.47095489501953,103.2320556640625,16.0,250.22000122070312
2023-10-02,171.89801025390625,129.4600067138672,81.27383422851562,134.1637420654297,304.69158935546875,316.43023681640625,44.75312423706055,104.00201416015625,15.880000114440918,251.60000610351562
2023-10-03,170.56240844726562,124.72000122070312,79.31533813476562,132.3076629638672,298.8524169921875,308.1606140136719,43.48894119262695,101.86759185791016,14.899999618530273,246.52999877929688
2023-10-04,171.80894470214844,127.0,80.189453125,135.2555694580078,303.46026611328125,313.6376037597656,44.01260757446289,104.36262512207031,15.729999542236328,261.1600036621094
2023-10-05,173.04563903808594,125.95999908447266,80.19432830810547,134.97767639160156,302.6756591796875,314.03094482421875,44.65918731689453,105.60038757324219,15.8100004196167,260.04998779296875
2023-10-06,175.59812927246094,127.95999908447266,82.27738189697266,137.6972198486328,313.24188232421875,321.7991638183594,45.73249816894531,107.1695327758789,16.610000610351562,260.5299987792969
2023-10-09,177.0821533203125,128.25999450683594,83.3111343383789,138.46151733398438,316.1515197753906,324.31640625,45.243804931640625,107.52040100097656,17.610000610351562,259.6700134277344
2023-10-10,176.48855590820312,129.47999572753906,83.55742645263672,138.1637420654297,319.6074523925781,322.9102783203125,45.76847839355469,106.9258804321289,17.799999237060547,263.6199951171875
2023-10-11,177.88351440429688,131.8300018310547,85.12944793701172,140.6451416015625,325.5459899902344,326.873046875,46.775821685791016,107.24868774414062,17.920000076293945,262.989990234375
2023-10-12,178.78382873535156,132.3300018310547,88.15087127685547,139.24562072753906,321.9113464355469,325.63409423828125,46.91473388671875,106.73023986816406,17.940000534057617,258.8699951171875
2023-10-13,176.9436492919922,129.7899932861328,85.968505859375,137.54837036132812,312.5069580078125,322.2613220214844,45.43169403076172,105.88900756835938,17.360000610351562,251.1199951171875
2023-10-16,176.81504821777344,132.5500030517578,87.85592651367188,139.4441375732422,318.9222717285156,327.0893859863281,46.065284729003906,106.33895874023438,17.360000610351562,253.9199981689453
2023-10-17,175.2617645263672,131.47000122070312,86.08726501464844,139.94041442871094,321.75244140625,326.5190734863281,43.90967559814453,106.6617660522461,17.84000015258789,254.85000610351562
2023-10-18,173.96572875976562,128.1300048828125,86.34327697753906,138.24314880371094,314.771240234375,324.6015319824219,42.16879653930664,105.88900756835938,17.200000762939453,242.67999267578125
2023-10-19,173.5897979736328,128.39999389648438,84.47434997558594,137.94540405273438,310.6401062011719,325.7914123535156,42.0738639831543,105.97704315185547,17.059999465942383,220.11000061035156
2023-10-20,171.0372772216797,125.16999816894531,83.09212493896484,135.72206115722656,306.5089111328125,321.218994140625,41.360321044921875,99.62857818603516,16.110000610351562,211.99000549316406
2023-10-23,171.15599060058594,126.55999755859375,83.92827606201172,136.87342834472656,311.8317565917969,323.82476806640625,42.947296142578125,101.39911651611328,16.200000762939453,212.0800018310547
2023-10-24,171.59130859375,128.55999755859375,85.76702880859375,139.07688903808594,310.3818664550781,325.01458740234375,43.63484573364258,100.94914245605469,16.639999389648438,216.52000427246094
2023-10-25,169.27626037597656,121.38999938964844,82.70275115966797,125.7270278930664,297.4522399902344,334.9853820800781,41.75206756591797,99.2177505493164,15.59000015258789,212.4199981689453
2023-10-26,165.11109924316406,119.56999969482422,80.47563171386719,122.52107238769531,286.3497314453125,322.4186096191406,40.30000305175781,98.2102279663086,15.289999961853027,205.75999450683594
2023-10-27,166.4269256591797,127.73999786376953,81.60574340820312,122.48136901855469,294.671630859375,324.3066101074219,40.47389221191406,98.78734588623047,15.069999694824219,207.3000030517578
2023-10-30,168.474853515625,132.7100067138672,81.88703918457031,124.81387329101562,300.5604553222656,331.68145751953125,41.134464263916016,99.43295288085938,14.6899995803833,197.36000061035156
2023-10-31,168.94976806640625,133.08999633789062,81.89872741699219,124.36722564697266,299.18011474609375,332.46807861328125,40.75371170043945,101.144775390625,14.800000190734863,200.83999633789062
2023-11-01,172.11563110351562,137.0,83.02497100830078,126.62031555175781,309.686767578125,340.2953186035156,42.2977180480957,103.44354248046875,14.920000076293945,205.66000366210938
2023-11-02,175.67726135253906,138.07000732421875,84.81211853027344,127.62281036376953,308.7135009765625,342.50775146484375,43.47795104980469,104.53910064697266,17.969999313354492,218.50999450683594
2023-11-03,174.76708984375,138.60000610351562,85.91983795166016,129.3994903564453,312.4176940917969,346.9129333496094,44.97598648071289,105.69337463378906,18.889999389648438,219.9600067138672
2023-11-06,177.319580078125,139.74000549316406,85.73976135253906,130.47145080566406,313.60931396484375,350.5807189941406,45.72150421142578,106.73023986816406,18.540000915527344,219.27000427246094
2023-11-07,179.8820037841797,142.7100067138672,87.3935775756836,131.4143524169922,316.6084289550781,354.51397705078125,45.925376892089844,106.61286163330078,18.799999237060547,222.17999267578125
2023-11-08,180.9405975341797,142.0800018310547,88.68915557861328,132.2679443359375,317.56170654296875,357.1394348144531,46.54397201538086,109.88002014160156,18.489999771118164,222.11000061035156
2023-11-09,180.4656982421875,140.60000610351562,88.7135009765625,130.7096710205078,318.32635498046875,354.67132568359375,46.919734954833984,109.73329162597656,18.270000457763672,209.97999572753906
2023-11-10,184.6561279296875,143.55999755859375,93.20475769042969,133.06202697753906,326.4893798828125,363.50146484375,48.303836822509766,110.60387420654297,19.670000076293945,214.64999389648438
2023-11-13,183.0710906982422,142.58999633789062,92.1739273071289,132.6451416015625,326.906494140625,360.56134033203125,48.58864974975586,111.66032409667969,19.709999084472656,223.7100067138672
2023-11-14,185.68638610839844,145.8000030517578,94.70767211914062,134.4217987060547,333.97705078125,364.0914001464844,49.62397766113281,113.56778717041016,19.940000534057617,237.41000366210938
2023-11-15,186.25103759765625,143.1999969482422,94.9451904296875,135.36476135253906,330.40203857421875,364.2392272949219,48.856483459472656,111.5722885131836,19.950000762939453,242.83999633789062
2023-11-16,187.93516540527344,142.8300018310547,93.40235137939453,137.66748046875,331.87176513671875,370.6437683105469,49.44810485839844,112.16897583007812,19.770000457763672,233.58999633789062
2023-11-17,187.91534423828125,145.17999267578125,95.1719970703125,135.92056274414062,332.7158508300781,364.4165954589844,49.2662239074707,112.84392547607422,20.489999771118164,234.3000030517578
2023-11-20,189.65887451171875,146.1300048828125,96.92215728759766,136.89328002929688,337.6117248535156,371.8951110839844,50.376502990722656,114.36990356445312,21.34000015258789,235.60000610351562
2023-11-21,188.8564453125,143.89999389648438,95.50975799560547,137.58807373046875,334.6424560546875,367.58929443359375,49.91180419921875,113.54822540283203,19.799999237060547,241.1999969482422
2023-11-22,189.5201873779297,146.7100067138672,94.6142349243164,138.97763061523438,339.1210632324219,372.299072265625,48.68458938598633,113.7047348022461,19.690000534057617,234.2100067138672
2023-11-24,188.19271850585938,146.74000549316406,95.282958984375,137.19102478027344,335.88372802734375,371.88525390625,47.745201110839844,113.71451568603516,19.200000762939453,235.4499969482422
2023-11-27,188.014404296875,147.72999572753906,92.4961166381836,137.02232360839844,332.3782043457031,373.04791259765625,48.21090316772461,113.92971801757812,19.079999923706055,236.0800018310547
2023-11-28,188.6186981201172,147.02999877929688,92.11747741699219,137.58807373046875,336.638427734375,377.0777893066406,47.790164947509766,113.7047348022461,19.709999084472656,246.72000122070312
2023-11-29,187.5983428955078,146.32000732421875,91.58015441894531,135.3845977783203,329.89556884765625,373.28436279296875,48.10896682739258,113.67538452148438,19.84000015258789,244.13999938964844
2023-11-30,188.1728973388672,146.08999633789062,90.1103286743164,132.92306518554688,324.8805847167969,373.3435363769531,46.739845275878906,113.67538452148438,20.049999237060547,240.0800018310547
2023-12-01,189.45083618164062,147.02999877929688,90.52595520019531,132.32754516601562,322.5668029785156,369.0081481933594,46.7348518371582,114.60467529296875,20.270000457763672,238.8300018310547
2023-12-04,187.6577606201172,144.83999633789062,89.93901062011719,129.6575469970703,317.8000183105469,363.717041015625,45.480655670166016,113.2547607421875,18.399999618530273,235.5800018310547
2023-12-05,191.61044311523438,146.8800048828125,88.88285827636719,131.40444946289062,316.08209228515625,367.04736328125,46.540069580078125,112.03204345703125,18.299999237060547,238.72000122070312
2023-12-06,190.52076721191406,144.52000427246094,87.9600830078125,130.45159912109375,315.2479553222656,363.3819885253906,45.477657318115234,109.5865478515625,17.1299991607666,239.3699951171875
2023-12-07,192.45248413085938,146.8800048828125,89.77253723144531,137.41932678222656,324.3244934082031,365.5004577636719,46.57006072998047,110.40823364257812,17.219999313354492,242.63999938964844
2023-12-08,193.87901306152344,147.4199981689453,91.91791534423828,135.622802734375,330.4417419433594,368.7322998046875,47.47954559326172,111.1321029663086,17.770000457763672,243.83999633789062
2023-12-11,191.3726806640625,145.88999938964844,100.18596649169922,133.69725036621094,323.0235900878906,365.8453369140625,46.601036071777344,112.61894989013672,17.770000457763672,239.74000549316406
2023-12-12,192.8883819580078,147.47999572753906,104.37545776367188,132.6451416015625,331.90155029296875,368.88006591796875,47.630470275878906,98.61126708984375,17.5,237.00999450683594
2023-12-13,196.10797119140625,148.83999633789062,106.07013702392578,132.97268676757812,332.4179382324219,368.8702392578125,48.06122589111328,100.74372863769531,17.8700008392334,239.2899932861328
2023-12-14,196.25657653808594,147.4199981689453,107.7054443359375,132.2084197998047,330.85888671875,360.5541687011719,48.32307434082031,98.12217712402344,18.209999084472656,251.0500030517578
2023-12-15,195.7216339111328,149.97000122070312,109.96859741210938,132.84365844726562,332.59674072265625,365.28369140625,48.86277770996094,101.06653594970703,18.200000762939453,253.5
2023-12-18,194.0573272705078,154.07000732421875,111.64867401123047,136.16871643066406,342.22943115234375,367.17547607421875,50.04911804199219,102.70989227294922,17.84000015258789,252.0800018310547
2023-12-19,195.0974884033203,153.7899932861328,111.43649291992188,137.0719451904297,347.92962646484375,367.7765197753906,49.576377868652344,103.93260955810547,17.950000762939453,257.2200012207031
2023-12-20,193.0072479248047,152.1199951171875,108.58110809326172,138.62033081054688,346.8570861816406,365.1752624511719,48.08420944213867,101.87843322753906,17.25,247.13999938964844
2023-12-21,192.85867309570312,153.83999633789062,110.23467254638672,140.74441528320312,351.63372802734375,368.0523986816406,48.96271896362305,103.55113220214844,17.59000015258789,254.5
2023-12-22,191.7887725830078,153.4199981689453,109.71542358398438,141.65753173828125,350.9385986328125,369.07708740234375,48.80281066894531,103.88370513916016,17.40999984741211,252.5399932861328
2023-12-26,191.24391174316406,153.41000366210938,110.68450927734375,141.7567901611328,352.36859130859375,369.15594482421875,49.251556396484375,103.8739242553711,17.68000030517578,256.6099853515625
2023-12-27,191.3429412841797,153.33999633789062,110.12516021728516,140.3870849609375,355.3477478027344,368.5746154785156,49.38948440551758,103.62938690185547,17.469999313354492,261.44000244140625
2023-12-28,191.76895141601562,153.3800048828125,109.75747680664062,140.228271484375,355.8343505859375,369.766845703125,49.49442672729492,103.93260955810547,17.559999465942383,253.17999267578125
2023-12-29,190.72877502441406,151.94000244140625,109.15510559082031,139.880859375,351.504638671875,370.5157165527344,49.49442672729492,103.1305160522461,17.170000076293945,248.47999572753906
2024-01-02,183.90322875976562,149.92999267578125,106.13642883300781,138.52105712890625,343.8878479003906,365.42156982421875,48.14117431640625,101.7903823852539,16.579999923706055,248.4199981689453
2024-01-03,182.52621459960938,148.47000122070312,103.5157241821289,139.31512451171875,342.0804748535156,365.1556396484375,47.54251480102539,100.22528076171875,16.09000015258789,238.4499969482422
2024-01-04,180.2081298828125,144.57000732421875,102.57988739013672,137.0123748779297,344.7120666503906,362.5346984863281,47.97127914428711,100.35245513916016,16.25,237.92999267578125
2024-01-05,179.48495483398438,145.24000549316406,102.60628509521484,136.3672332763672,349.5085754394531,362.3474426269531,49.06966781616211,100.4894027709961,15.979999542236328,237.49000549316406
2024-01-08,183.823974609375,149.10000610351562,105.10671997070312,139.4838409423828,356.1720275878906,369.18548583984375,52.223899841308594,102.37731170654297,16.670000076293945,240.4499969482422
2024-01-09,183.40789794921875,151.3699951171875,105.85380554199219,141.4987335205078,354.9505615234375,370.26934814453125,53.11041259765625,101.36976623535156,16.389999389648438,234.9600067138672
2024-01-10,184.44808959960938,153.72999572753906,105.66606140136719,142.72952270507812,367.90008544921875,377.14678955078125,54.31973648071289,102.04732513427734,16.790000915527344,233.94000244140625
2024-01-11,183.85366821289062,155.17999267578125,107.56410217285156,142.60047912597656,367.1056823730469,378.9795227050781,54.791473388671875,102.88201904296875,16.68000030517578,227.22000122070312
2024-01-12,184.1806182861328,154.6199951171875,108.31706237792969,143.16624450683594,371.8921813964844,382.7630920410156,54.67953872680664,104.67904663085938,16.760000228881836,218.88999938964844
2024-01-16,181.91201782226562,153.16000366210938,109.0289535522461,143.00743103027344,364.9109191894531,384.5366516113281,56.35060501098633,104.64957427978516,16.530000686645508,219.91000366210938
2024-01-17,180.97091674804688,151.7100067138672,107.92494201660156,141.82627868652344,365.8146667480469,383.74835205078125,56.021793365478516,104.51211547851562,16.389999389648438,215.5500030517578
2024-01-18,186.865234375,153.5,111.85989379882812,143.91064453125,373.52081298828125,388.0837097167969,57.0752067565918,106.74119567871094,16.399999618530273,211.8800048828125
2024-01-19,189.76785278320312,155.33999633789062,118.44002532958984,146.86846923828125,380.7900695800781,392.8132019042969,59.4578742980957,107.69371795654297,16.780000686645508,212.19000244140625
2024-01-22,192.07603454589844,154.77999877929688,119.34944152832031,146.61041259765625,379.1316223144531,390.6849670410156,59.62078094482422,108.115966796875,17.600000381469727,208.8000030517578
2024-01-23,193.35394287109375,156.02000427246094,119.91758728027344,147.5731658935547,382.52789306640625,393.039794921875,59.83966064453125,109.81478881835938,17.329999923706055,209.13999938964844
2024-01-24,192.68031311035156,156.8699951171875,122.61260223388672,149.23074340820312,387.9897766113281,396.6460876464844,61.32783126831055,112.25009155273438,16.75,207.8300018310547
2024-01-25,192.35342407226562,157.75,120.27841186523438,152.49624633789062,390.4525451660156,398.922119140625,61.58269119262695,112.92767333984375,16.459999084472656,182.6300048828125
2024-01-26,190.61978149414062,159.1199951171875,117.8219985961914,152.6451416015625,391.4059143066406,397.9958801269531,60.997013092041016,112.57415771484375,16.350000381469727,183.25
2024-01-29,189.93624877929688,161.25999450683594,119.08247375488281,153.6873321533203,398.2381896972656,403.7008972167969,62.43021774291992,111.70018768310547,17.09000015258789,190.92999267578125
2024-01-30,186.28077697753906,159.0,118.14274597167969,151.91065979003906,397.2847900390625,402.5874938964844,62.73904800415039,112.1028060913086,16.739999771118164,191.58999633789062
2024-01-31,182.6748046875,155.1999969482422,115.38905334472656,140.74441528320312,387.43365478515625,391.7392578125,61.49273681640625,109.6871337890625,16.09000015258789,187.2899932861328
2024-02-01,185.11181640625,159.27999877929688,117.34577941894531,141.64764404296875,392.04150390625,397.8481140136719,62.991905212402344,113.44811248779297,16.329999923706055,188.86000061035156
2024-02-02,184.1112823486328,171.80999755859375,119.72494506835938,142.471435546875,471.695068359375,405.1788635253906,66.1231689453125,113.70343780517578,17.020000457763672,187.91000366210938
2024-02-05,185.9241485595703,170.30999755859375,121.5594253540039,143.85110473632812,456.22314453125,399.6906433105469,69.29340362548828,114.29261016845703,16.719999313354492,181.05999755859375
2024-02-06,187.52899169921875,169.14999389648438,119.55968475341797,144.32754516601562,451.5656433105469,399.53302001953125,68.18501281738281,113.22225952148438,21.8700008392334,185.10000610351562
2024-02-07,187.63796997070312,170.52999877929688,122.9245376586914,145.58807373046875,466.33251953125,407.9672546386719,70.0599594116211,115.1567611694336,23.600000381469727,187.5800018310547
2024-02-08,186.5581512451172,169.83999633789062,124.6553726196289,146.12405395507812,466.7396545410156,408.0263366699219,69.60222625732422,114.57740020751953,24.510000228881836,189.55999755859375
2024-02-09,187.32191467285156,174.4499969482422,125.50415802001953,149.10171508789062,464.86279296875,414.37176513671875,72.09284973144531,114.53811645507812,24.3799991607666,193.57000732421875
2024-02-12,185.6356658935547,172.33999633789062,123.70097351074219,147.622802734375,465.64727783203125,409.1595153808594,72.20777130126953,113.75253295898438,25.049999237060547,188.1300048828125
2024-02-13,183.54273986816406,168.63999938964844,122.3955078125,145.28036499023438,456.9281921386719,400.350830078125,72.08785247802734,111.63145446777344,24.010000228881836,184.02000427246094
2024-02-14,182.6599578857422,170.97999572753906,123.42912292480469,146.04464721679688,469.9969177246094,404.2203369140625,73.85887145996094,112.20099639892578,25.190000534057617,188.7100067138672
2024-02-15,182.37229919433594,169.8000030517578,123.70780944824219,142.8684539794922,480.67236328125,401.3280944824219,72.61754608154297,110.7476806640625,25.40999984741211,200.4499969482422
2024-02-16,180.8348388671875,169.50999450683594,121.79216766357422,140.70468139648438,470.0366516113281,398.8602294921875,72.57256317138672,109.30415344238281,24.440000534057617,199.9499969482422
2024-02-20,180.0908966064453,167.0800018310547,119.94104766845703,141.14141845703125,468.4775390625,397.6066589355469,69.413330078125,106.49569702148438,23.399999618530273,193.75999450683594
2024-02-21,180.8447723388672,168.58999633789062,120.02906036376953,142.76919555664062,465.2765197753906,397.0044250488281,67.43444061279297,106.2109375,22.739999771118164,194.77000427246094
2024-02-22,182.87818908691406,174.5800018310547,127.60269165039062,144.23822021484375,483.27001953125,406.35260009765625,78.49427795410156,109.00957489013672,23.59000015258789,197.41000366210938
2024-02-23,181.0431365966797,174.99000549316406,126.76852416992188,144.2084197998047,481.1823425292969,405.0594177246094,78.77311706542969,109.93262481689453,22.969999313354492,191.97000122070312
2024-02-26,179.69415283203125,174.72999572753906,128.0163116455078,137.7171173095703,478.90576171875,402.2955017089844,79.0479736328125,108.97029113769531,23.559999465942383,199.39999389648438
2024-02-27,181.15225219726562,173.5399932861328,126.75486755371094,139.0570526123047,484.1846008300781,402.23626708984375,78.65718078613281,109.3729019165039,24.530000686645508,199.72999572753906
2024-02-28,179.95204162597656,173.16000366210938,126.08895111083984,136.40692138671875,481.1723937988281,402.47314453125,77.6197509765625,109.6675033569336,24.420000076293945,202.0399932861328
2024-02-29,179.2874755859375,176.75999450683594,127.17144012451172,138.7394256591797,487.2464904785156,408.31695556640625,79.06795501708984,109.6675033569336,25.079999923706055,201.8800048828125
2024-03-01,178.206298828125,178.22000122070312,136.82110595703125,137.0520782470703,499.3448791503906,410.153076171875,82.23318481445312,111.72966003417969,24.93000030517578,202.63999938964844
2024-03-04,173.68316650390625,177.5800018310547,137.1232452392578,133.20098876953125,495.2590637207031,409.58050537109375,85.18952941894531,112.0046157836914,24.040000915527344,188.13999938964844
2024-03-05,168.74346923828125,174.1199951171875,131.30392456054688,132.7841033935547,487.3359069824219,397.4683837890625,85.92017364501953,108.94084167480469,23.809999465942383,180.74000549316406
2024-03-06,167.75157165527344,173.50999450683594,132.01287841796875,131.5731658935547,493.17138671875,396.9156188964844,88.65476989746094,110.24686431884766,26.15999984741211,176.5399932861328
2024-03-07,167.63253784179688,176.82000732421875,137.58773803710938,134.2332000732422,509.1766662597656,403.8748779296875,92.62173461914062,112.47595977783203,26.459999084472656,178.64999389648438
2024-03-08,169.34854125976562,175.35000610351562,127.97622680664062,135.27537536621094,502.9734191894531,400.99249267578125,87.48336791992188,110.39415740966797,26.040000915527344,175.33999633789062
2024-03-11,171.35218811035156,171.9600067138672,126.45076751708984,137.90570068359375,480.74493408203125,399.3143310546875,85.73025512695312,112.0733413696289,25.350000381469727,177.77000427246094
2024-03-12,171.82830810546875,175.38999938964844,126.32950592041016,138.58062744140625,496.80987548828125,409.9358825683594,91.86613464355469,125.24169921875,24.700000762939453,177.5399932861328
2024-03-13,169.7453155517578,176.55999755859375,123.00375366210938,139.72207641601562,492.65447998046875,409.7581787109375,90.84165954589844,123.25810241699219,25.0,169.47999572753906
2024-03-14,171.6001739501953,178.75,123.43401336669922,143.26547241210938,488.9364013671875,419.74798583984375,87.8991470336914,123.26791381835938,24.43000030517578,162.5
2024-03-15,171.2232208251953,174.4199981689453,120.81624603271484,141.11163330078125,481.2519836425781,411.06121826171875,87.7922134399414,123.27774047851562,23.489999771118164,163.57000732421875
2024-03-18,172.31436157226562,174.47999572753906,120.98638916015625,147.37464904785156,494.0561828613281,411.9495849609375,88.40989685058594,125.49700927734375,24.0,173.8000030517578
2024-03-19,174.65525817871094,175.89999389648438,121.06169891357422,146.81884765625,493.32049560546875,415.9869689941406,89.35243225097656,126.86196899414062,23.799999237060547,171.32000732421875
2024-03-20,177.2242889404297,178.14999389648438,125.30802917480469,148.56573486328125,502.5458984375,419.7578125,90.32592010498047,126.91106414794922,24.56999969482422,175.66000366210938
2024-03-21,169.98336791992188,178.14999389648438,132.37869262695312,147.63275146484375,504.7727355957031,423.84454345703125,91.38836669921875,126.6852035522461,24.489999771118164,172.82000732421875
2024-03-22,170.88601684570312,178.8699951171875,132.91586303710938,150.6401824951172,506.58203125,423.22265625,94.24092102050781,125.48719024658203,24.18000030517578,170.8300018310547
2024-03-25,169.46759033203125,179.7100067138672,132.73028564453125,150.0247802734375,500.0606384277344,417.4183349609375,94.95355224609375,123.8080062866211,24.510000228881836,172.6300048828125
2024-03-26,168.33680725097656,178.3000030517578,130.7573699951172,150.5706787109375,492.9725646972656,416.2239074707031,92.51380920410156,124.19098663330078,24.889999389648438,177.6699981689453
2024-03-27,171.90765380859375,179.8300018310547,129.5042724609375,150.8089141845703,490.9544982910156,416.0067138671875,90.20397186279297,123.0125961303711,24.510000228881836,179.8300018310547
2024-03-28,170.0924530029297,180.3800048828125,130.16029357910156,151.12652587890625,482.7232360839844,415.30584716796875,90.30992126464844,123.34646606445312,23.010000228881836,175.7899932861328
2024-04-01,168.65420532226562,180.97000122070312,132.60064697265625,155.3349609375,488.45928955078125,419.1063232421875,90.3169174194336,123.21881866455078,22.860000610351562,175.22000122070312
2024-04-02,167.47384643554688,180.69000244140625,131.47129821777344,154.70965576171875,494.44384765625,416.0165710449219,89.40637969970703,122.09935760498047,22.719999313354492,166.6300048828125
2024-04-03,168.2772674560547,182.41000366210938,133.87237548828125,155.20591735839844,503.75872802734375,415.03936767578125,88.91863250732422,123.96512603759766,22.700000762939453,168.3800048828125
2024-04-04,167.45399475097656,180.0,129.3834686279297,150.8089141845703,507.9141540527344,412.5024108886719,85.8611831665039,121.95205688476562,22.479999542236328,171.11000061035156
2024-04-05,168.20785522460938,185.07000732421875,131.53709411621094,152.7940216064453,524.237548828125,420.0440979003906,87.963134765625,122.6492691040039,22.959999084472656,164.89999389648438
2024-04-08,167.0869903564453,185.19000244140625,131.21006774902344,154.97764587402344,516.1951904296875,419.1260986328125,87.08856201171875,122.10917663574219,23.0,172.97999572753906
2024-04-09,168.29710388183594,185.6699981689453,131.01171875,156.9627685546875,513.8590087890625,420.7943115234375,85.31046295166016,121.3998794555664,22.809999465942383,176.8800048828125
2024-04-10,166.42242431640625,185.9499969482422,129.86172485351562,156.48631286621094,516.771728515625,417.8132019042969,86.99461364746094,119.94185638427734,22.420000076293945,171.75999450683594
2024-04-11,173.62367248535156,189.0500030517578,135.76280212402344,159.593017578125,520.0820922851562,422.4230651855469,90.56979370117188,121.40972137451172,22.84000015258789,174.60000610351562
2024-04-12,175.12144470214844,186.1300048828125,131.9927520751953,158.00494384765625,508.8883361816406,416.47064208984375,88.14103698730469,119.31135559082031,22.670000076293945,171.0500030517578
2024-04-15,171.2926788330078,183.6199951171875,128.71469116210938,155.16622924804688,497.2870788574219,408.31695556640625,85.95713806152344,118.09962463378906,21.899999618530273,161.47999572753906
2024-04-16,168.00946044921875,183.32000732421875,130.51873779296875,154.83868408203125,496.81982421875,409.244873046875,87.37042999267578,118.8286361694336,21.8799991607666,157.11000061035156
2024-04-17,166.640625,181.27999877929688,125.95912170410156,155.71212768554688,491.2626647949219,406.54010009765625,83.99214172363281,116.9075927734375,21.309999465942383,155.4499969482422
2024-04-18,165.68838500976562,179.22000122070312,123.63758850097656,156.28781127929688,498.8478088378906,399.0675354003906,84.62782287597656,114.27725219726562,21.1299991607666,149.92999267578125
2024-04-19,163.66490173339844,174.6300048828125,118.30708312988281,154.56076049804688,478.2397766113281,393.98382568359375,76.16114807128906,113.17388153076172,20.469999313354492,147.0500030517578
2024-04-22,164.49807739257812,177.22999572753906,120.2466049194336,156.774169921875,478.89593505859375,395.80010986328125,79.47745513916016,112.82909393310547,20.969999313354492,142.0500030517578
2024-04-23,165.54954528808594,179.5399932861328,122.67517852783203,158.7294921875,493.1813659667969,402.3251037597656,82.38097381591797,113.38075256347656,21.639999389648438,144.67999267578125
2024-04-24,167.65237426757812,176.58999633789062,123.42448425292969,159.90074157714844,490.5966491699219,403.7958679199219,79.6363754272461,113.62704467773438,21.59000015258789,162.1300048828125
2024-04-25,168.5153350830078,173.6699981689453,127.116943359375,156.774169921875,438.78326416015625,393.9048767089844,82.5898666381836,113.1837387084961,21.709999084472656,170.17999267578125
2024-04-26,167.93011474609375,179.6199951171875,131.9927520751953,172.39698791503906,440.6820373535156,401.0911865234375,87.69027709960938,115.46926879882812,22.520000457763672,168.2899932861328
2024-04-29,172.09613037109375,180.9600067138672,131.45755004882812,166.65011596679688,430.0747985839844,397.0735778808594,87.7122573852539,114.75997924804688,22.829999923706055,194.0500030517578
2024-04-30,168.95176696777344,175.0,127.69142150878906,163.41436767578125,427.6391906738281,384.31976318359375,86.35795593261719,112.0606689453125,21.969999313354492,183.27999877929688
2024-05-01,167.93011474609375,179.0,122.05355834960938,164.33746337890625,436.6061706542969,389.85760498046875,82.99864196777344,112.92760467529297,22.1200008392334,179.99000549316406
2024-05-02,171.62991333007812,184.72000122070312,121.63225555419922,167.20594787597656,439.0815124511719,392.7203063964844,85.77323913574219,113.25269317626953,22.549999237060547,180.00999450683594
2024-05-03,181.8961944580078,186.2100067138672,125.51524353027344,167.7319793701172,449.301025390625,401.4267883300781,88.74372100830078,114.08023071289062,23.329999923706055,181.19000244140625
2024-05-06,180.23968505859375,188.6999969482422,128.6774139404297,168.56573486328125,462.9403076171875,408.2182922363281,92.093017578125,116.58248138427734,25.209999084472656,184.75999450683594
2024-05-07,180.9241180419922,188.75999450683594,127.97032165527344,171.69227600097656,465.4852600097656,404.0722961425781,90.50782012939453,116.17858123779297,21.399999618530273,177.80999755859375
2024-05-08,181.2613525390625,188.0,130.15634155273438,169.88584899902344,469.81964111328125,405.2568664550781,90.36590576171875,115.64661407470703,21.559999465942383,174.72000122070312
2024-05-09,183.07656860351562,189.5,128.22169494628906,170.30270385742188,472.62298583984375,407.013916015625,88.70174407958984,114.90774536132812,21.139999389648438,171.97000122070312
2024-05-10,181.8151092529297,187.47999572753906,130.885986328125,169.0222625732422,473.3984375,409.4028015136719,89.83216094970703,114.93729400634766,20.600000381469727,168.47000122070312
2024-05-13,185.02333068847656,186.57000732421875,131.3485565185547,169.6277618408203,465.2565612792969,408.39593505859375,90.3529052734375,114.64175415039062,20.940000534057617,171.88999938964844
2024-05-14,186.1655731201172,187.07000732421875,135.52415466308594,170.65008544921875,469.0740051269531,411.199462890625,91.30941772460938,119.07492065429688,21.440000534057617,177.5500030517578
2024-05-15,188.4401397705078,185.99000549316406,141.03733825683594,172.58560180664062,478.70703125,418.3887634277344,94.58173370361328,119.82363891601562,21.670000076293945,173.99000549316406
2024-05-16,188.55931091308594,183.6300048828125,138.67649841308594,174.12405395507812,470.4458923339844,416.3219909667969,94.31087493896484,120.34577178955078,21.649999618530273,174.83999633789062
2024-05-17,188.589111328125,184.6999969482422,137.0227813720703,175.97018432617188,469.1336669921875,415.5506286621094,92.43183898925781,121.66585540771484,21.760000228881836,177.4600067138672
2024-05-20,189.75120544433594,183.5399932861328,138.8630828857422,177.13148498535156,466.0816955566406,420.62371826171875,94.73167419433594,122.67071533203125,21.6200008392334,174.9499969482422
2024-05-21,191.0523681640625,183.14999389648438,137.40672302246094,178.2034454345703,461.896484375,424.28271484375,95.33736419677734,122.77908325195312,21.239999771118164,186.60000610351562
2024-05-22,189.61215209960938,183.1300048828125,136.72323608398438,176.67489624023438,465.0279541015625,425.74627685546875,94.9015884399414,122.7495346069336,21.170000076293945,180.11000061035156
2024-05-23,185.61929321289062,181.0500030517578,136.8263397216797,173.75680541992188,463.0397033691406,422.26531982421875,103.74607849121094,122.2470932006836,20.719999313354492,173.74000549316406
2024-05-24,188.69834899902344,180.75,138.25521850585938,175.017333984375,475.40655517578125,425.3902893066406,106.41471099853516,121.08463287353516,21.010000228881836,179.24000549316406
2024-05-28,188.70831298828125,182.14999389648438,138.7079315185547,176.69476318359375,477.0965270996094,425.54852294921875,113.84292602539062,122.64116668701172,21.049999237060547,176.75
2024-05-29,189.0062713623047,182.02000427246094,136.56906127929688,176.07937622070312,471.5692138671875,424.41131591796875,114.76644134521484,121.90230560302734,20.940000534057617,176.19000244140625
2024-05-30,189.99951171875,179.32000732421875,133.95782470703125,172.26795959472656,464.30218505859375,410.072021484375,110.44365692138672,115.35105895996094,21.729999542236328,178.7899932861328
2024-05-31,190.95306396484375,176.44000244140625,130.4686279296875,172.66497802734375,464.0835266113281,410.5269775390625,109.57709503173828,115.44957733154297,21.68000030517578,178.0800018310547
2024-06-03,192.72105407714844,178.33999633789062,129.81558227539062,173.12156677246094,474.6808166503906,408.93475341796875,114.94136047363281,117.50852966308594,21.31999969482422,176.2899932861328
2024-06-04,193.0388946533203,179.33999633789062,130.69154357910156,173.8262939453125,474.1837463378906,411.4565124511719,116.37762451171875,118.28680419921875,22.100000381469727,174.77000427246094
2024-06-05,194.54861450195312,181.27999877929688,138.77081298828125,175.7518310546875,492.1474304199219,419.3085021972656,122.37757110595703,120.80877685546875,22.959999084472656,175.0
2024-06-06,193.16799926757812,185.0,137.61001586914062,177.02232360839844,490.8551025390625,419.81280517578125,120.93629455566406,121.66585540771484,23.790000915527344,177.94000244140625
2024-06-07,195.56175231933594,184.3000030517578,138.1373748779297,174.6401824951172,490.059814453125,419.1502380371094,120.82635498046875,124.0499267578125,23.309999465942383,177.47999572753906
2024-06-10,191.8171844482422,187.05999755859375,141.4595947265625,175.51461791992188,499.64312744140625,423.1257019042969,121.72789001464844,122.65101623535156,23.1299991607666,173.7899932861328
2024-06-11,205.75253295898438,187.22999572753906,143.47866821289062,177.06475830078125,504.4844665527344,427.88232421875,120.85828399658203,122.04022216796875,23.850000381469727,170.66000366210938
2024-06-12,211.6326141357422,186.88999938964844,146.86473083496094,178.42611694335938,505.84637451171875,436.16943359375,125.14643096923828,138.29518127441406,23.770000457763672,177.2899932861328
2024-06-13,212.79470825195312,183.8300018310547,164.88316345214844,175.62391662597656,501.13427734375,436.68365478515625,129.55455017089844,137.77305603027344,23.270000457763672,182.47000122070312
2024-06-14,211.0565185546875,183.66000366210938,170.38748168945312,177.2436065673828,501.6915283203125,437.6626892089844,131.82359313964844,136.07859802246094,23.56999969482422,178.00999450683594
2024-06-17,215.2083282470703,184.05999755859375,179.60194396972656,177.65103149414062,504.1494445800781,443.3983459472656,130.92396545410156,139.2113800048828,25.020000457763672,187.44000244140625
2024-06-18,212.84437561035156,182.80999755859375,177.0142822265625,175.33575439453125,497.0444030761719,441.390869140625,135.52198791503906,142.4918975830078,25.81999969482422,184.86000061035156
2024-06-20,208.26547241210938,186.10000610351562,170.34034729003906,176.58779907226562,499.2435607910156,440.75799560546875,130.7240447998047,140.78759765625,25.559999465942383,181.57000732421875
2024-06-21,206.09027099609375,189.0800018310547,162.8837432861328,179.12168884277344,492.35748291015625,444.792724609375,126.5158462524414,139.39852905273438,23.84000015258789,183.00999450683594
2024-06-24,206.73587036132812,185.57000732421875,156.85752868652344,179.64833068847656,496.46722412109375,442.7061767578125,118.05946350097656,137.8124542236328,24.15999984741211,182.5800018310547
2024-06-25,207.6595916748047,186.33999633789062,155.7324676513672,184.4080810546875,508.10003662109375,445.94976806640625,126.03605651855469,137.1031494140625,24.559999465942383,187.35000610351562
2024-06-26,211.8114013671875,193.61000061035156,156.8368377685547,184.19940185546875,510.607666015625,447.1463623046875,126.34593200683594,136.17710876464844,24.100000381469727,196.3699951171875
2024-06-27,212.65565490722656,197.85000610351562,156.310791015625,185.68002319335938,517.01611328125,447.8287353515625,123.93695068359375,138.09814453125,25.219999313354492,197.4199981689453
2024-06-28,209.19912719726562,193.25,158.1697540283203,182.26171875,501.75128173828125,441.9941101074219,123.48714447021484,139.10301208496094,25.329999923706055,197.8800048828125
2024-07-01,215.28778076171875,197.1999969482422,161.6444091796875,183.3249969482422,502.208984375,451.6656799316406,124.246826171875,140.9649200439453,25.8799991607666,209.86000061035156
2024-07-02,218.78404235839844,200.0,163.2876739501953,185.43157958984375,507.0054016113281,454.1874084472656,122.61752319335938,141.15211486816406,25.829999923706055,231.25999450683594
2024-07-03,220.05540466308594,197.58999633789062,170.3551483154297,186.2066650390625,507.463134765625,455.6608581542969,128.22511291503906,142.2357940673828,25.850000381469727,246.38999938964844
2024-07-05,224.81309509277344,200.0,167.80262756347656,190.74781799316406,537.2665405273438,462.3755798339844,125.77617645263672,142.67909240722656,27.229999542236328,251.52000427246094
2024-07-08,226.28311157226562,199.2899932861328,171.99444580078125,189.2771453857422,526.7283325195312,461.0702209472656,128.14515686035156,142.87611389160156,27.700000762939453,252.94000244140625
2024-07-09,227.13729858398438,199.33999633789062,170.75808715820312,189.23739624023438,527.4049682617188,454.44451904296875,131.3238067626953,138.59071350097656,27.389999389648438,262.3299865722656
2024-07-10,231.40829467773438,199.7899932861328,171.87918090820312,191.44338989257812,532.072021484375,461.0801086425781,134.852294921875,139.96005249023438,28.420000076293945,263.260009765625
2024-07-11,226.0347900390625,195.0500030517578,168.06271362304688,186.1172332763672,510.189697265625,449.658203125,127.34549713134766,141.03692626953125,27.639999389648438,241.02999877929688
2024-07-12,228.9847412109375,194.49000549316406,167.54254150390625,185.6005096435547,496.42742919921875,448.52093505859375,129.18470764160156,143.02267456054688,28.06999969482422,248.22999572753906
2024-07-15,232.81871032714844,192.72000122070312,168.8754425048828,187.00161743164062,493.7306823730469,448.9263610839844,128.3850555419922,141.3431854248047,28.670000076293945,252.63999938964844
2024-07-16,233.23587036132812,193.02000427246094,166.86575317382812,184.32859802246094,487.3919372558594,444.53558349609375,126.30593872070312,140.8887176513672,28.670000076293945,256.55999755859375
2024-07-17,227.33595275878906,187.92999267578125,153.6646270751953,181.46676635742188,459.7279968261719,438.6021423339844,117.93950653076172,137.5791778564453,28.219999313354492,248.5
2024-07-18,222.6676483154297,183.75,158.1372528076172,178.08824157714844,473.5201721191406,435.487060546875,121.0381851196289,136.36399841308594,28.639999389648438,249.22999572753906
2024-07-19,222.7967987060547,183.1300048828125,155.01431274414062,178.25717163085938,474.4555969238281,432.26324462890625,117.87954711914062,136.88760375976562,28.579999923706055,239.1999969482422
2024-07-22,222.44915771484375,182.5500030517578,158.66925048828125,182.19216918945312,485.01361083984375,438.02862548828125,123.48714447021484,138.47817993164062,28.459999084472656,251.50999450683594
2024-07-23,223.49205017089844,186.41000366210938,161.3390350341797,182.4405975341797,486.29730224609375,439.91741943359375,122.53754425048828,141.38270568847656,28.809999465942383,246.3800048828125
2024-07-24,217.06570434570312,180.8300018310547,149.093505859375,173.26889038085938,459.01153564453125,424.1442565917969,114.20111083984375,137.09507751464844,26.600000381469727,215.99000549316406
2024-07-25,216.0227813720703,179.85000610351562,147.04440307617188,168.09178161621094,451.1900329589844,413.76068115234375,112.2319564819336,136.1565399169922,26.6299991607666,220.25
2024-07-26,216.4896240234375,182.5,149.3792266845703,167.61480712890625,463.41986083984375,420.5545349121094,113.01163482666016,137.3321533203125,27.18000030517578,219.8000030517578
2024-07-29,216.7677459716797,183.1999969482422,147.9901580810547,170.04934692382812,463.4298095703125,421.9983215332031,111.54225158691406,136.640625,27.079999923706055,232.10000610351562
2024-07-30,217.32394409179688,181.7100067138672,141.38961791992188,170.7747344970703,460.9221496582031,418.2305908203125,103.68562316894531,134.03250122070312,26.3700008392334,222.6199951171875
2024-07-31,220.58181762695312,186.97999572753906,158.29486083984375,172.05657958984375,472.5051574707031,413.7112731933594,116.96992492675781,137.766845703125,26.889999389648438,232.07000732421875
2024-08-01,216.88693237304688,184.07000732421875,144.83766174316406,171.3610076904297,495.3030090332031,412.4849548339844,109.16327667236328,135.85028076171875,26.079999923706055,216.86000061035156
2024-08-02,218.3767852783203,167.89999389648438,141.68515014648438,167.33657836914062,485.75,403.9605407714844,107.2240982055664,131.6713409423828,24.739999771118164,207.6699981689453
2024-08-05,207.85824584960938,161.02000427246094,139.97097778320312,159.6255645751953,473.4007263183594,390.7684631347656,100.40702819824219,126.31675720214844,24.09000015258789,198.8800048828125
2024-08-06,205.8319854736328,161.92999267578125,141.78366088867188,159.52621459960938,491.67083740234375,395.1790466308594,104.20539855957031,126.66253662109375,26.59000015258789,200.63999938964844
2024-08-07,208.404541015625,162.77000427246094,134.24722290039062,159.73489379882812,486.52618408203125,394.01214599609375,98.86768341064453,124.38041687011719,26.31999969482422,191.75999450683594
2024-08-08,211.87098693847656,165.8000030517578,143.57667541503906,162.8053741455078,507.134765625,398.2248840332031,104.92508697509766,127.40348815917969,29.280000686645508,198.83999633789062
2024-08-09,214.78125,166.94000244140625,146.05923461914062,164.3455810546875,515.23486328125,401.51800537109375,104.70519256591797,130.466064453125,30.010000228881836,200.0
2024-08-12,216.31260681152344,166.8000030517578,146.4138946533203,162.9146728515625,513.4237670898438,402.2991638183594,108.97334289550781,130.9798126220703,29.3799991607666,197.49000549316406
2024-08-13,220.03167724609375,170.22999572753906,153.84194946289062,164.88217163085938,525.9520874023438,409.41937255859375,116.0903091430664,132.63951110839844,30.389999389648438,207.8300018310547
2024-08-14,220.47915649414062,170.10000610351562,155.34927368164062,161.00680541992188,524.180908203125,412.2377624511719,118.02947998046875,133.9633331298828,31.0,201.3800048828125
2024-08-15,223.46237182617188,177.58999633789062,163.6639862060547,162.1396026611328,534.6991577148438,417.1119689941406,122.80743408203125,135.2772674560547,31.219999313354492,214.13999938964844
2024-08-16,224.78492736816406,177.05999755859375,163.2600555419922,163.69969177246094,524.837646484375,414.5757751464844,124.5267105102539,135.81077575683594,32.08000183105469,216.1199951171875
2024-08-19,224.6258087158203,178.22000122070312,165.2205352783203,167.33657836914062,526.6886596679688,417.6073303222656,129.9443817138672,136.2553253173828,32.5,222.72000122070312
2024-08-20,225.24234008789062,178.8800048828125,163.48666381835938,167.89308166503906,524.1510009765625,420.84686279296875,127.19556427001953,137.49024963378906,32.31999969482422,221.10000610351562
2024-08-21,225.13296508789062,180.11000061035156,163.3191680908203,166.5714569091797,532.5396728515625,420.19305419921875,128.4450225830078,138.5078125,32.540000915527344,223.27000427246094
2024-08-22,223.27342224121094,176.1300048828125,159.9302520751953,164.44497680664062,529.3255615234375,411.6829833984375,123.68706512451172,136.4134063720703,31.920000076293945,210.66000366210938
2024-08-23,225.57049560546875,177.0399932861328,163.89056396484375,166.37271118164062,525.4148559570312,412.91143798828125,129.3146514892578,137.510009765625,31.780000686645508,220.32000732421875
2024-08-26,225.90859985351562,175.5,157.25062561035156,166.86953735351562,518.5685424804688,409.64215087890625,126.40589904785156,137.22348022460938,30.850000381469727,213.2100067138672
2024-08-27,226.75384521484375,173.1199951171875,158.9943389892578,165.32936096191406,516.558349609375,409.9888916015625,128.2451171875,136.80859375,30.84000015258789,209.2100067138672
2024-08-28,225.22247314453125,170.8000030517578,155.8319854736328,163.46121215820312,514.2496948242188,406.779052734375,125.55625915527344,136.2158203125,30.360000610351562,205.75
2024-08-29,228.50399780273438,172.1199951171875,154.6005401611328,162.36814880371094,515.6826171875,409.27557373046875,117.53968811035156,137.7372283935547,31.0,206.27999877929688
2024-08-30,227.71841430664062,178.5,160.4031219482422,164.06735229492188,518.757568359375,413.2581787109375,119.31893920898438,139.5846405029297,31.479999542236328,214.11000061035156
2024-09-03,221.52330017089844,176.25,150.52200317382812,157.60841369628906,509.2543640136719,405.62982177734375,107.95379638671875,137.81625366210938,30.510000228881836,210.60000610351562
2024-09-04,219.61402893066406,173.3300018310547,151.83226013183594,156.81344604492188,510.2295227050781,405.0948791503906,106.16455841064453,139.05116271972656,30.59000015258789,219.41000366210938
2024-09-05,221.13546752929688,177.88999938964844,150.55157470703125,157.5984649658203,514.3292846679688,404.589599609375,107.16413116455078,140.8887176513672,30.15999984741211,230.1699981689453
2024-09-06,219.58419799804688,171.38999938964844,134.96636962890625,151.1693115234375,497.8205871582031,397.9618225097656,102.78600311279297,140.09837341308594,30.329999923706055,210.72999572753906
2024-09-09,219.67369079589844,175.39999389648438,138.7296905517578,148.79127502441406,502.3184509277344,401.9444885253906,106.42444610595703,138.20155334472656,34.599998474121094,216.27000427246094
2024-09-10,218.878173828125,179.5500030517578,146.00997924804688,149.25892639160156,502.3184509277344,410.3455505371094,108.05374145507812,154.00843811035156,34.7599983215332,226.1699981689453
2024-09-11,221.41390991210938,184.52000427246094,155.92063903808594,151.38819885253906,509.3240051269531,419.1033020019531,116.8599853515625,155.28285217285156,34.849998474121094,228.1300048828125
2024-09-12,221.52330017089844,187.0,162.11729431152344,154.76124572753906,523.0264892578125,423.02642822265625,119.0992202758789,159.4322052001953,34.90999984741211,229.80999755859375
2024-09-13,221.25479125976562,186.49000549316406,165.20083618164062,157.5770721435547,522.0513916015625,426.5830078125,119.0592269897461,160.07432556152344,35.59000015258789,230.2899932861328
2024-09-16,215.10939025878906,184.88999938964844,161.58531188964844,158.19398498535156,531.1752319335938,427.32598876953125,116.74002075195312,168.27415466308594,36.310001373291016,226.77999877929688
2024-09-17,215.57672119140625,186.8800048828125,160.05831909179688,159.47750854492188,534.2032470703125,431.1005859375,115.55043029785156,165.44866943359375,36.45000076293945,227.8699951171875
2024-09-18,219.45494079589844,186.42999267578125,159.27017211914062,160.00485229492188,535.8268432617188,426.8009948730469,113.33119201660156,162.54415893554688,36.380001068115234,227.1999969482422
2024-09-19,227.58914184570312,189.8699951171875,165.477294921875,162.42271423339844,556.893310546875,434.607666015625,117.82965087890625,165.56723022460938,36.83000183105469,243.9199981689453
2024-09-20,226.9228973388672,191.60000610351562,169.1146240234375,163.815673828125,559.1344604492188,431.21942138671875,115.96028900146484,165.97227478027344,37.20000076293945,238.25
2024-09-23,225.2025909423828,193.8800048828125,170.93325805664062,162.25355529785156,562.1822509765625,429.4758605957031,116.22020721435547,163.947021484375,37.95000076293945,250.0
2024-09-24,226.0975341796875,193.9600067138672,172.8112030029297,162.8206787109375,561.1066284179688,425.17626953125,120.82862091064453,163.79884338378906,36.900001525878906,254.27000427246094
2024-09-25,225.10311889648438,192.52999877929688,173.48333740234375,162.17393493652344,566.06689453125,428.0888366699219,123.46772003173828,164.27301025390625,37.119998931884766,257.0199890136719
2024-09-26,226.24668884277344,191.16000366210938,176.0234832763672,163.00975036621094,565.5987548828125,427.2962951660156,123.9975357055664,166.07106018066406,37.099998474121094,254.22000122070312
2024-09-27,226.51516723632812,187.97000122070312,170.68614196777344,164.46241760253906,565.1206665039062,424.0369567871094,121.35844421386719,166.70335388183594,36.84000015258789,260.4599914550781
2024-09-30,231.69602966308594,186.3300018310547,170.49835205078125,166.35292053222656,570.1806640625,426.29571533203125,121.39842987060547,168.3433074951172,37.20000076293945,261.6300048828125
2024-10-01,224.94403076171875,185.1300048828125,165.52671813964844,167.57675170898438,574.1947021484375,416.775146484375,116.9599380493164,165.1424102783203,36.459999084472656,258.0199890136719
2024-10-02,225.51083374023438,184.75999450683594,168.6797332763672,166.47232055664062,570.5492553710938,413.248291015625,118.80931854248047,165.68577575683594,37.4900016784668,249.02000427246094
2024-10-03,224.40704345703125,181.9600067138672,169.8954315185547,166.37281799316406,580.4699096679688,412.66375732421875,122.80794525146484,164.8460235595703,39.2400016784668,240.66000366210938
2024-10-04,225.5307159423828,186.50999450683594,174.59030151367188,167.71604919433594,593.587890625,412.188232421875,124.87723541259766,168.79776000976562,40.0099983215332,250.0800018310547
2024-10-07,220.4493408203125,180.8000030517578,173.04843139648438,163.56692504882812,582.4719848632812,405.7289123535156,127.67628479003906,167.91848754882812,38.88999938964844,240.8300018310547
2024-10-08,224.50650024414062,182.72000122070312,178.6328582763672,164.87037658691406,590.5499267578125,410.8507995605469,132.84449768066406,172.26539611816406,41.45000076293945,244.5
2024-10-09,228.25538635253906,185.1699981689453,183.7922821044922,162.2435760498047,588.1793823242188,413.5751953125,132.60458374023438,176.1380615234375,43.130001068115234,241.0500030517578
2024-10-10,227.7581787109375,186.64999389648438,183.53530883789062,162.36297607421875,581.5256958007812,411.97027587890625,134.76385498046875,173.68251037597656,43.52000045776367,238.77000427246094
2024-10-11,226.27655029296875,188.82000732421875,179.37416076660156,163.69627380371094,587.6215209960938,412.44580078125,134.7538604736328,174.0389404296875,43.5099983215332,217.8000030517578
2024-10-14,230.0055694580078,187.5399932861328,180.1945343017578,165.5171356201172,588.0896606445312,415.23956298828125,138.0227508544922,174.38551330566406,43.400001525878906,219.16000366210938
2024-10-15,232.54127502441406,187.69000244140625,173.93795776367188,166.06436157226562,583.9560546875,414.8432922363281,131.55496215820312,172.37548828125,42.43000030517578,219.57000732421875
2024-10-16,230.48284912109375,186.88999938964844,174.76824951171875,165.90516662597656,574.5134887695312,412.2476501464844,135.6735382080078,173.04881286621094,41.93000030517578,221.3300018310547
2024-10-17,230.8507843017578,187.52999877929688,179.423583984375,163.6863250732422,574.6528930664062,412.8420715332031,136.88311767578125,173.9498291015625,42.0,220.88999938964844
2024-10-18,233.68482971191406,188.99000549316406,177.8026123046875,164.22361755371094,574.1947021484375,414.2687072753906,137.9527587890625,172.9696044921875,42.970001220703125,220.6999969482422
2024-10-21,235.15652465820312,189.07000732421875,177.90145874023438,164.96987915039062,572.8899536132812,414.8829345703125,143.6608123779297,172.0487518310547,42.70000076293945,218.85000610351562
2024-10-22,234.5400390625,189.6999969482422,177.29852294921875,165.98477172851562,579.712890625,423.53167724609375,143.5408477783203,173.58348083496094,42.939998626708984,217.97000122070312
2024-10-23,229.4685516357422,184.7100067138672,171.4966278076172,163.656494140625,561.4652099609375,420.64874267578125,139.51222229003906,171.395263671875,42.59000015258789,213.64999389648438
2024-10-24,229.27964782714844,186.3800048828125,169.36170959472656,163.7062530517578,565.5390625,420.77752685546875,140.3619384765625,172.6626434326172,43.560001373291016,260.4800109863281
2024-10-25,230.1149444580078,187.8300018310547,170.99256896972656,166.15391540527344,570.9874267578125,424.1657409667969,141.49154663085938,171.8111114501953,44.86000061035156,269.19000244140625
2024-10-28,232.0937957763672,188.38999938964844,170.02395629882812,167.49716186523438,575.8781127929688,422.6202392578125,140.47189331054688,170.72193908691406,44.970001220703125,262.510009765625
2024-10-29,232.36228942871094,190.8300018310547,177.16015625,170.28314208984375,590.9384155273438,427.9303894042969,141.20164489746094,171.72198486328125,44.93000030517578,259.5199890136719
2024-10-30,228.81227111816406,192.72999572753906,174.59030151367188,175.25811767578125,589.4642944335938,428.5049743652344,139.29229736328125,172.8408660888672,43.689998626708984,257.54998779296875
2024-10-31,224.6457061767578,186.39999389648438,167.80003356933594,171.82537841796875,565.3399047851562,402.5686340332031,132.71456909179688,166.18702697753906,41.560001373291016,249.85000610351562
2024-11-01,221.66249084472656,197.92999267578125,166.9599151611328,171.78558349609375,564.9214477539062,406.5511779785156,135.35365295410156,168.34556579589844,41.91999816894531,248.97999572753906
2024-11-04,220.7675323486328,195.77999877929688,166.59420776367188,169.82540893554688,558.467041015625,404.658935546875,136.00343322753906,167.91981506347656,41.40999984741211,242.83999633789062
2024-11-05,222.19949340820312,199.5,171.88211059570312,170.55178833007812,570.1707153320312,407.63104248046875,139.8621063232422,170.0882568359375,51.130001068115234,251.44000244140625
2024-11-06,221.4735565185547,207.08999633789062,177.466552734375,177.4371337890625,569.7921752929688,416.2698974609375,145.56016540527344,179.45509338378906,55.529998779296875,288.5299987792969
2024-11-07,226.20692443847656,210.0500030517578,181.6771240234375,181.3673553466797,589.3646850585938,421.4710388183594,148.8290557861328,184.53457641601562,55.880001068115234,296.9100036621094
2024-11-08,225.93814086914062,208.17999267578125,181.50909423828125,178.95948791503906,587.0139770507812,418.6079406738281,147.57945251464844,187.38619995117188,58.38999938964844,321.2200012207031
2024-11-11,223.22042846679688,206.83999633789062,176.833984375,181.05889892578125,580.8683471679688,414.1200866699219,145.21026611328125,187.2673797607422,60.2400016784668,350.0
2024-11-12,223.22042846679688,208.91000366210938,174.17518615722656,182.4021759033203,582.5117797851562,419.0933532714844,148.2392120361328,187.71295166015625,59.849998474121094,328.489990234375
2024-11-13,224.1063995361328,214.10000610351562,171.56582641601562,179.5863494873047,577.7108154296875,421.2431945800781,146.21994018554688,187.76246643066406,60.70000076293945,330.239990234375
2024-11-14,227.1924591064453,211.47999572753906,168.4029541015625,176.46206665039062,574.8820190429688,422.91748046875,146.7097625732422,185.20785522460938,59.18000030517578,311.17999267578125
2024-11-15,223.98696899414062,202.61000061035156,162.92723083496094,173.01934814453125,551.8931274414062,411.1380920410156,141.93138122558594,181.93048095703125,65.7699966430664,320.7200012207031
2024-11-18,226.9933624267578,201.6999969482422,163.7476043701172,175.91481018066406,552.2118530273438,411.89105224609375,140.1020050048828,183.90086364746094,61.2599983215332,338.739990234375
2024-11-19,227.252197265625,204.61000061035156,163.4313201904297,178.68087768554688,558.87548828125,413.90216064453125,146.9596710205078,187.0396270751953,62.97999954223633,346.0
2024-11-20,227.9689483642578,202.8800048828125,161.35569763183594,176.442138671875,563.2879638671875,411.6235046386719,145.84005737304688,188.8714141845703,62.119998931884766,342.0299987792969
2024-11-21,227.49111938476562,198.3800048828125,162.03768920898438,168.3926544189453,560.8676147460938,409.8466491699219,146.6197967529297,190.5348663330078,61.36000061035156,339.6400146484375
2024-11-22,228.8350372314453,197.1199951171875,162.32432556152344,165.73605346679688,556.9331665039062,413.9463806152344,141.9014129638672,190.39625549316406,64.3499984741211,352.55999755859375
2024-11-25,231.82151794433594,201.4499969482422,162.907470703125,168.58169555664062,562.879638671875,415.7232971191406,135.9734344482422,186.13861083984375,64.6500015258789,338.5899963378906
2024-11-26,234.00167846679688,207.86000061035156,162.82839965820312,169.7657470703125,571.2763061523438,424.8559265136719,136.8731231689453,188.4951629638672,65.73999786376953,338.2300109863281
2024-11-27,233.8722381591797,205.74000549316406,157.8172149658203,169.96473693847656,566.953369140625,419.8925476074219,135.2936553955078,180.9007110595703,66.05000305175781,332.8900146484375
2024-11-29,236.26144409179688,207.88999938964844,160.19927978515625,169.63638305664062,572.0532836914062,420.3591003417969,138.2026824951172,183.01962280273438,67.08000183105469,345.1600036621094
2024-12-02,238.51124572753906,210.7100067138672,164.57786560058594,172.11392211914062,590.4901733398438,427.82403564453125,138.58255004882812,179.6234130859375,66.38999938964844,357.0899963378906
2024-12-03,241.5574951171875,213.44000244140625,166.19882202148438,172.15374755859375,611.22802734375,428.0424499511719,140.2119903564453,181.0888214111328,70.95999908447266,351.4200134277344
2024-12-04,241.91587829589844,218.16000366210938,168.5808563232422,175.20835876464844,611.3574829101562,434.21685791015625,145.09031677246094,186.33663940429688,69.8499984741211,357.92999267578125
2024-12-05,241.9457244873047,220.5500030517578,168.49191284179688,173.43727111816406,606.5266723632812,439.3787841796875,145.0203399658203,184.4058380126953,71.87000274658203,369.489990234375
2024-12-06,241.7466278076172,227.02999877929688,177.44677734375,175.6063690185547,621.3080444335938,440.32183837890625,142.40106201171875,189.8021697998047,76.33999633789062,389.2200012207031
2024-12-09,245.63902282714844,226.08999633789062,176.8636474609375,176.4132080078125,611.1483154296875,442.7538757324219,138.77203369140625,188.5743865966797,72.45999908447266,389.7900085449219
2024-12-10,246.65444946289062,225.0399932861328,169.8163604736328,185.806640625,616.8756103515625,440.0835876464844,135.03306579589844,175.9895477294922,70.88999938964844,400.989990234375
2024-12-11,245.38021850585938,230.25999450683594,181.0741729736328,195.94717407226562,630.182861328125,445.7021789550781,139.2718963623047,176.82127380371094,72.51000213623047,424.7699890136719
2024-12-12,246.8435821533203,228.97000122070312,178.5636749267578,192.87911987304688,628.3003540039062,446.2679748535156,137.3024444580078,173.59339904785156,73.19999694824219,418.1000061035156
2024-12-13,247.0128173828125,227.4600067138672,222.1914825439453,190.63783264160156,617.9015502929688,443.9947204589844,134.21328735351562,171.68238830566406,76.06999969482422,436.2300109863281
2024-12-16,249.9097137451172,232.92999267578125,247.0990753173828,197.3915557861328,622.2777709960938,448.2830810546875,131.96389770507812,169.5436553955078,75.75,463.0199890136719
2024-12-17,252.33872985839844,231.14999389648438,237.4424285888672,196.35556030273438,617.4928588867188,451.132080078125,130.35433959960938,168.03863525390625,74.38999938964844,479.8599853515625
2024-12-18,246.9331817626953,220.52000427246094,221.02516174316406,189.41259765625,595.3128051757812,434.1871032714844,128.874755859375,163.78099060058594,71.51000213623047,440.1300048828125
2024-12-19,248.66534423828125,223.2899932861328,215.7866973876953,188.96434020996094,593.6978759765625,433.8297424316406,130.6442413330078,167.12770080566406,74.20999908447266,436.1700134277344
2024-12-20,253.3441925048828,224.9199981689453,218.22799682617188,192.21170043945312,583.4103393554688,433.40289306640625,134.6631622314453,167.98912048339844,80.55000305175781,421.05999755859375
2024-12-23,254.1206817626953,225.05999755859375,230.2692108154297,195.22994995117188,597.9644165039062,432.0627746582031,139.6317901611328,167.4742431640625,80.69000244140625,430.6000061035156
2024-12-24,257.0375061035156,229.0500030517578,237.53355407714844,196.8038330078125,605.8395385742188,436.1128845214844,140.18165588378906,169.72189331054688,82.37999725341797,462.2799987792969
2024-12-26,257.853759765625,227.0500030517578,243.16270446777344,196.3356475830078,601.453369140625,434.90179443359375,139.8917236328125,169.98924255371094,82.13999938964844,454.1300048828125
2024-12-27,254.439208984375,223.75,239.58502197265625,193.28750610351562,597.924560546875,427.3773498535156,136.9725341796875,167.29603576660156,79.08000183105469,431.6600036621094
2024-12-30,251.0644989013672,221.3000030517578,233.4702911376953,191.94276428222656,589.3814086914062,421.7190246582031,137.452392578125,165.26622009277344,77.18000030517578,417.4100036621094
2024-12-31,249.29251098632812,219.38999938964844,229.76377868652344,189.70147705078125,583.6694946289062,418.4134521484375,134.25328063964844,164.99887084960938,75.62999725341797,403.8399963378906
